datatypes_count,filepath,abox_size_incl,dt_builtin_ct,datatypes_count_incl,rbox_size_incl,tbox_size,rbox_size,logical_axiom_count,owl2dl_profile_violation,signature_size_incl,owl2_dl,jar_name,abox_size,axiom_types,constructs,dt_notbuiltin_ct,class_count,indiv_count_incl,axiom_types_incl,filesize,dt_builtin_ct_incl,annotation_property_count,obj_property_count_incl,dataproperty_count,valid_imports,experiment_id,indiv_count,owl2,dataproperty_count_incl,rdfs,class_count_incl,obj_property_count,expressivity,owl2_ql,rule_ct_incl,logical_axiom_count_incl,signature_size,dt_notbuiltin_ct_incl,experiment_date,tbox_size_incl,owl2_rl,rule_ct,filename,constructs_incl,owl2_el,anno_ct,expressivity_incl,
0,/media/nico/Seagate Expansion Drive/ore2014/pool/files/exported,0,0,0,96,329,96,419,,127,1,ore-metricsgathering-0.0.1.jar,0,TransitiveObjectProperty InverseObjectProperties DisjointClasses EquivalentClasses ObjectPropertyDomain ObjectPropertyRange SubClassOf Declaration SubObjectPropertyOf ,S H I ,0,37,0,TransitiveObjectProperty InverseObjectProperties DisjointClasses EquivalentClasses ObjectPropertyDomain ObjectPropertyRange SubClassOf Declaration SubObjectPropertyOf ,79643,0,0,90,0,,OntologyMetricsGathering,0,1,0,0,37,90,SHI,0,0,419,127,0,2014/07/04 10:28:29,329,0,0,00022.owl_functional.owl,S H I ,0,0,SHI,
0,/media/nico/Seagate Expansion Drive/ore2014/pool/files/exported,4,0,0,0,114,0,118,,121,1,ore-metricsgathering-0.0.1.jar,4,Declaration ObjectPropertyRange ClassAssertion SubClassOf ObjectPropertyDomain ,AL ,0,115,3,Declaration ObjectPropertyRange ClassAssertion SubClassOf ObjectPropertyDomain ,26805,0,0,3,0,,OntologyMetricsGathering,3,1,0,1,115,3,AL,1,0,118,121,0,2014/07/04 10:30:43,114,1,0,00141.owl_functional.owl,AL ,1,0,AL,
0,/media/nico/Seagate Expansion Drive/ore2014/pool/files/exported,89,0,0,0,257,0,346,,290,1,ore-metricsgathering-0.0.1.jar,89,Declaration SubClassOf ClassAssertion ,AL ,0,264,26,Declaration SubClassOf ClassAssertion ,64945,0,0,0,0,,OntologyMetricsGathering,26,1,0,1,264,0,AL,0,0,346,290,0,2014/07/04 10:31:59,257,1,0,00280.owl_functional.owl,AL ,0,0,AL,
0,/media/nico/Seagate Expansion Drive/ore2014/pool/files/exported,1,0,0,2,368,2,371,,512,1,ore-metricsgathering-0.0.1.jar,1,SubObjectPropertyOf Declaration EquivalentClasses ClassAssertion SubClassOf ,E AL H ,0,495,0,SubObjectPropertyOf Declaration EquivalentClasses ClassAssertion SubClassOf ,156044,0,0,17,0,,OntologyMetricsGathering,0,1,0,0,495,17,ALEH,0,0,371,512,0,2014/07/04 10:34:27,368,0,0,00384.owl_functional.owl,E AL H ,0,0,ALEH,
0,/media/nico/Seagate Expansion Drive/ore2014/pool/files/exported,488,0,0,0,990,0,1478,,1001,1,ore-metricsgathering-0.0.1.jar,488,Declaration SubClassOf ClassAssertion ,AL ,0,1001,0,Declaration SubClassOf ClassAssertion ,191359,0,0,0,0,,OntologyMetricsGathering,0,1,0,1,1001,0,AL,0,0,1478,1001,0,2014/07/04 10:37:15,990,1,0,00456.owl_functional.owl,AL ,0,0,AL,
0,/media/nico/Seagate Expansion Drive/ore2014/pool/files/exported,620,0,0,3,13464,3,14084,,2734,1,ore-metricsgathering-0.0.1.jar,620,DisjointClasses Declaration ClassAssertion SubClassOf TransitiveObjectProperty ,S ,0,2726,0,DisjointClasses Declaration ClassAssertion SubClassOf TransitiveObjectProperty ,2250360,0,0,8,0,,OntologyMetricsGathering,0,1,0,0,2726,8,S,0,0,14084,2734,0,2014/07/04 10:39:18,13464,0,0,00496.owl_functional.owl,S ,0,0,S,
0,/media/nico/Seagate Expansion Drive/ore2014/pool/files/exported,31289,0,0,1,7990,1,39279,,6802,1,ore-metricsgathering-0.0.1.jar,31289,Declaration SubClassOf ClassAssertion TransitiveObjectProperty ,TRAN AL ,0,6801,0,Declaration SubClassOf ClassAssertion TransitiveObjectProperty ,3771006,0,0,1,0,,OntologyMetricsGathering,0,1,0,0,6801,1,AL+,0,0,39279,6802,0,2014/07/04 10:39:47,7990,1,0,00516.owl_functional.owl,TRAN AL ,0,0,AL+,
0,/media/nico/Seagate Expansion Drive/ore2014/pool/files/exported,4346,0,0,0,3132,0,7478,,5884,1,ore-metricsgathering-0.0.1.jar,4346,Declaration EquivalentClasses ClassAssertion ,E AL ,0,5879,0,Declaration EquivalentClasses ClassAssertion ,2052866,0,0,5,0,,OntologyMetricsGathering,0,1,0,0,5879,5,ALE,0,0,7478,5884,0,2014/07/04 10:40:32,3132,0,0,00535.owl_functional.owl,E AL ,0,0,ALE,
0,/media/nico/Seagate Expansion Drive/ore2014/pool/files/exported,155169,0,0,3,42999,3,198170,,25531,1,ore-metricsgathering-0.0.1.jar,155169,SubObjectPropertyOf DisjointClasses Declaration EquivalentClasses SubClassOf ClassAssertion TransitiveObjectProperty ,S H ,0,25520,7,SubObjectPropertyOf DisjointClasses Declaration EquivalentClasses SubClassOf ClassAssertion TransitiveObjectProperty ,19057143,0,0,4,0,,OntologyMetricsGathering,7,1,0,0,25520,4,SH,0,0,198170,25531,0,2014/07/04 10:40:37,42999,0,0,00536.owl_functional.owl,S H ,0,0,SH,
0,/media/nico/Seagate Expansion Drive/ore2014/pool/files/exported,3646,0,0,7,2887,7,6537,,2366,1,ore-metricsgathering-0.0.1.jar,3646,SubObjectPropertyOf DisjointClasses Declaration EquivalentClasses ObjectPropertyRange ClassAssertion SubClassOf ObjectPropertyDomain FunctionalObjectProperty TransitiveObjectProperty ,F S H ,0,2340,8,SubObjectPropertyOf DisjointClasses Declaration EquivalentClasses ObjectPropertyRange ClassAssertion SubClassOf ObjectPropertyDomain FunctionalObjectProperty TransitiveObjectProperty ,798139,0,0,18,0,,OntologyMetricsGathering,8,1,0,0,2340,18,SHF,0,0,6537,2366,0,2014/07/04 10:42:33,2887,0,0,00597.owl_functional.owl,F S H ,0,0,SHF,
0,/media/nico/Seagate Expansion Drive/ore2014/pool/files/exported,991,0,0,0,734,0,1725,,557,1,ore-metricsgathering-0.0.1.jar,991,Declaration SubClassOf ClassAssertion ,E AL ,0,555,0,Declaration SubClassOf ClassAssertion ,192566,0,0,2,0,,OntologyMetricsGathering,0,1,0,0,555,2,ALE,0,0,1725,557,0,2014/07/04 10:42:42,734,0,0,00606.owl_functional.owl,E AL ,0,0,ALE,
0,/media/nico/Seagate Expansion Drive/ore2014/pool/files/exported,0,0,0,0,629,0,629,,311,1,ore-metricsgathering-0.0.1.jar,0,Declaration EquivalentClasses SubClassOf ,C AL ,0,309,0,Declaration EquivalentClasses SubClassOf ,111803,0,0,2,0,,OntologyMetricsGathering,0,1,0,0,309,2,ALC,0,0,629,311,0,2014/07/04 10:57:11,629,0,0,04c0c4ef-e210-41a7-b86b-1f945045bc8f_kupocells.owl_functional.owl,C AL ,0,0,ALC,
0,/media/nico/Seagate Expansion Drive/ore2014/pool/files/exported,0,0,0,0,5807,0,5807,,8479,1,ore-metricsgathering-0.0.1.jar,0,EquivalentClasses Declaration SubClassOf ,C AL ,0,8456,0,EquivalentClasses Declaration SubClassOf ,2892876,0,0,23,0,,OntologyMetricsGathering,0,1,0,0,8456,23,ALC,0,0,5807,8479,0,2014/07/04 10:59:03,5807,0,0,061ac8ca-5542-4610-ad64-0b21975d6fe4_enotype_xp.obo_functional.owl,C AL ,0,0,ALC,
0,/media/nico/Seagate Expansion Drive/ore2014/pool/files/exported,0,0,0,10,229,10,235,,103,1,ore-metricsgathering-0.0.1.jar,0,SubObjectPropertyOf DisjointClasses Declaration EquivalentClasses SubClassOf TransitiveObjectProperty ,S H ,0,95,0,SubObjectPropertyOf DisjointClasses Declaration EquivalentClasses SubClassOf TransitiveObjectProperty ,41966,0,0,8,0,,OntologyMetricsGathering,0,1,0,0,95,8,SH,0,0,235,103,0,2014/07/04 11:09:14,229,0,0,0ccf0454-d777-4fec-b1cc-03b5a300824d_chemtop.owl_functional.owl,S H ,0,0,SH,
0,/media/nico/Seagate Expansion Drive/ore2014/pool/files/exported,0,0,0,2,10044,2,10044,,2679,1,ore-metricsgathering-0.0.1.jar,0,Declaration SubClassOf TransitiveObjectProperty ,E TRAN AL ,0,2674,0,Declaration SubClassOf TransitiveObjectProperty ,2049956,0,0,5,0,,OntologyMetricsGathering,0,1,0,0,2674,5,ALE+,0,0,10044,2679,0,2014/07/04 11:12:03,10044,0,0,0edc7fed-a5da-49fa-878f-1854501a1f1e_prerelease.obo_functional.owl,E TRAN AL ,1,0,ALE+,
0,/media/nico/Seagate Expansion Drive/ore2014/pool/files/exported,16,0,0,0,718,0,734,,361,1,ore-metricsgathering-0.0.1.jar,16,DifferentIndividuals Declaration EquivalentClasses ObjectPropertyRange ClassAssertion SubClassOf ObjectPropertyDomain FunctionalObjectProperty ,C AL N O ,0,140,12,DifferentIndividuals Declaration EquivalentClasses ObjectPropertyRange ClassAssertion SubClassOf ObjectPropertyDomain FunctionalObjectProperty ,173146,0,0,209,0,,OntologyMetricsGathering,12,1,0,0,140,209,ALCON,0,0,734,361,0,2014/07/04 11:12:45,718,0,0,0f50cfb0-4be7-4239-8816-b5e06f63beb7_erativeOCL.owl_functional.owl,C AL N O ,0,0,ALCON,
0,/media/nico/Seagate Expansion Drive/ore2014/pool/files/exported,2070,0,0,1,1312,1,3382,,1716,1,ore-metricsgathering-0.0.1.jar,2070,Declaration SubClassOf ClassAssertion TransitiveObjectProperty ,E TRAN AL ,0,860,855,Declaration SubClassOf ClassAssertion TransitiveObjectProperty ,522168,0,0,1,0,,OntologyMetricsGathering,855,1,0,0,860,1,ALE+,0,0,3382,1716,0,2014/07/04 11:27:51,1312,0,0,19deea53-8a8c-48c0-9cde-99140ba1a5e2_tance_edit.owl_functional.owl,E TRAN AL ,0,0,ALE+,
0,/media/nico/Seagate Expansion Drive/ore2014/pool/files/exported,2649,0,0,1,2007,1,4656,,1103,1,ore-metricsgathering-0.0.1.jar,2649,Declaration SubClassOf ClassAssertion TransitiveObjectProperty ,E TRAN AL ,0,1102,0,Declaration SubClassOf ClassAssertion TransitiveObjectProperty ,539931,0,0,1,0,,OntologyMetricsGathering,0,1,0,0,1102,1,ALE+,0,0,4656,1103,0,2014/07/04 11:29:16,2007,0,0,1ae83c60-e25b-4f30-afda-9a407d2da8e3_ra_anatomy.owl_functional.owl,E TRAN AL ,0,0,ALE+,
0,/media/nico/Seagate Expansion Drive/ore2014/pool/files/exported,0,0,0,3,409,3,410,,129,1,ore-metricsgathering-0.0.1.jar,0,SubObjectPropertyOf Declaration SubClassOf TransitiveObjectProperty ,E TRAN AL H ,0,126,0,SubObjectPropertyOf Declaration SubClassOf TransitiveObjectProperty ,73551,0,0,3,0,,OntologyMetricsGathering,0,1,0,0,126,3,ALEH+,0,0,410,129,0,2014/07/04 11:29:25,409,0,0,1b104481-2d27-43b4-86a3-98e6b2fdd413_fbdv.owl_functional.owl,E TRAN AL H ,1,0,ALEH+,
0,/media/nico/Seagate Expansion Drive/ore2014/pool/files/exported,0,0,0,56,70,56,126,,122,1,ore-metricsgathering-0.0.1.jar,0,SubObjectPropertyOf Declaration SubClassOf ObjectPropertyDomain ObjectPropertyRange ,U AL H ,0,63,0,SubObjectPropertyOf Declaration SubClassOf ObjectPropertyDomain ObjectPropertyRange ,26857,0,0,59,0,,OntologyMetricsGathering,0,1,0,1,63,59,ALUH,0,0,126,122,0,2014/07/04 11:30:36,70,0,0,1bb771b6-f131-46af-9cde-4294fb600b0c_twork_v0.1.owl_functional.owl,U AL H ,0,0,ALUH,
0,/media/nico/Seagate Expansion Drive/ore2014/pool/files/exported,11,0,0,1,960,1,972,,820,1,ore-metricsgathering-0.0.1.jar,11,ClassAssertion InverseObjectProperties ObjectPropertyDomain ObjectPropertyRange SubClassOf SubObjectPropertyOf Declaration ,C AL H I ,0,804,11,ClassAssertion InverseObjectProperties ObjectPropertyDomain ObjectPropertyRange SubClassOf SubObjectPropertyOf Declaration ,184159,0,0,5,0,,OntologyMetricsGathering,11,1,0,0,804,5,ALCHI,0,0,972,820,0,2014/07/04 11:40:10,960,0,0,2445e055-6dd4-4787-ba1e-0e20739a30e4_LUMO.owl_functional.owl,C AL H I ,0,0,ALCHI,
0,/media/nico/Seagate Expansion Drive/ore2014/pool/files/exported,0,0,0,26,479,26,498,,424,1,ore-metricsgathering-0.0.1.jar,0,EquivalentClasses SubObjectPropertyOf Declaration SubClassOf TransitiveObjectProperty ,S H ,0,396,0,EquivalentClasses SubObjectPropertyOf Declaration SubClassOf TransitiveObjectProperty ,178525,0,0,28,0,,OntologyMetricsGathering,0,1,0,0,396,28,SH,0,0,498,424,0,2014/07/04 11:41:00,479,0,0,2577736a-db03-46fc-9362-274e3af66718_propreo.obo_functional.owl,S H ,0,0,SH,
0,/media/nico/Seagate Expansion Drive/ore2014/pool/files/exported,0,0,0,57,1129,57,1186,,565,1,ore-metricsgathering-0.0.1.jar,0,InverseObjectProperties DisjointClasses ObjectPropertyDomain ObjectPropertyRange SubClassOf SubObjectPropertyOf Declaration ,Q C AL H I ,0,382,0,InverseObjectProperties DisjointClasses ObjectPropertyDomain ObjectPropertyRange SubClassOf SubObjectPropertyOf Declaration ,337011,0,0,183,0,,OntologyMetricsGathering,0,1,0,0,382,183,ALCHIQ,0,0,1186,565,0,2014/07/04 11:53:21,1129,0,0,32d8a12b-5c75-4d62-a3a2-b3bc235d506d_expression.owl_functional.owl,Q C AL H I ,0,0,ALCHIQ,
0,/media/nico/Seagate Expansion Drive/ore2014/pool/files/exported,139447,0,0,2,9569,2,149016,,9163,1,ore-metricsgathering-0.0.1.jar,139447,Declaration SubClassOf ClassAssertion TransitiveObjectProperty ,E TRAN AL ,0,9161,0,Declaration SubClassOf ClassAssertion TransitiveObjectProperty ,13550160,0,0,2,0,,OntologyMetricsGathering,0,1,0,0,9161,2,ALE+,0,0,149016,9163,0,2014/07/04 11:53:28,9569,0,0,32f6e531-f8f3-4bb3-a0f7-25c664c6acba_ecule_role.owl_functional.owl,E TRAN AL ,0,0,ALE+,
1,/media/nico/Seagate Expansion Drive/ore2014/pool/files/exported,0,1,1,0,775,0,775,,1521,1,ore-metricsgathering-0.0.1.jar,0,EquivalentClasses Declaration SubClassOf ,D AL N ,0,828,0,EquivalentClasses Declaration SubClassOf ,978233,1,0,283,409,,OntologyMetricsGathering,0,1,409,0,828,283,ALN(D),0,0,775,1521,0,2014/07/04 11:54:54,775,0,0,345a9eac-24b5-4761-9a45-b98c29484458_sadiobjects.owl_functional.owl,D AL N ,0,0,ALN(D),
0,/media/nico/Seagate Expansion Drive/ore2014/pool/files/exported,0,0,0,0,65926,0,65926,,19163,1,ore-metricsgathering-0.0.1.jar,0,Declaration SubClassOf ,E AL ,0,19162,0,Declaration SubClassOf ,12912008,0,0,1,0,,OntologyMetricsGathering,0,1,0,0,19162,1,ALE,1,0,65926,19163,0,2014/07/04 12:00:44,65926,0,0,3a8b11c8-7efa-4dbb-9dfe-5acd4b18df60_rsimplegaf.obo_functional.owl,E AL ,1,0,ALE,
0,/media/nico/Seagate Expansion Drive/ore2014/pool/files/exported,51,0,0,0,2335,0,2386,,2317,1,ore-metricsgathering-0.0.1.jar,51,Declaration SubClassOf ClassAssertion ,E AL ,0,2316,0,Declaration SubClassOf ClassAssertion ,528794,0,0,1,0,,OntologyMetricsGathering,0,1,0,0,2316,1,ALE,0,0,2386,2317,0,2014/07/04 12:06:58,2335,0,0,40ffe51e-eda2-4415-9d0e-973629b32524_EHDAA_functional.owl,E AL ,0,0,ALE,
0,/media/nico/Seagate Expansion Drive/ore2014/pool/files/exported,0,0,0,0,54345,0,54345,,54548,1,ore-metricsgathering-0.0.1.jar,0,Declaration SubClassOf ,E AL ,0,54547,0,Declaration SubClassOf ,14412754,0,0,1,0,,OntologyMetricsGathering,0,1,0,0,54547,1,ALE,1,0,54345,54548,0,2014/07/04 12:07:41,54345,0,0,419e8422-f608-478b-9ce7-f551abb20172_sgenechrom.owl_functional.owl,E AL ,1,0,ALE,
0,/media/nico/Seagate Expansion Drive/ore2014/pool/files/exported,103,0,0,1,129,1,232,,52,1,ore-metricsgathering-0.0.1.jar,103,ClassAssertion TransitiveObjectProperty DisjointClasses SubClassOf Declaration ,S ,0,51,0,ClassAssertion TransitiveObjectProperty DisjointClasses SubClassOf Declaration ,25491,0,0,1,0,,OntologyMetricsGathering,0,1,0,0,51,1,S,0,0,232,52,0,2014/07/04 12:15:59,129,0,0,4859c215-f75d-42bf-8520-d0caf9dde442_caro.owl_functional.owl,S ,0,0,S,
0,/media/nico/Seagate Expansion Drive/ore2014/pool/files/exported,0,0,0,10,4877,10,4882,,3116,1,ore-metricsgathering-0.0.1.jar,0,SubObjectPropertyOf Declaration SubClassOf DisjointClasses TransitiveObjectProperty ,S H ,0,3100,0,SubObjectPropertyOf Declaration SubClassOf DisjointClasses TransitiveObjectProperty ,751969,0,0,16,0,,OntologyMetricsGathering,0,1,0,0,3100,16,SH,0,0,4882,3116,0,2014/07/04 12:18:20,4877,0,0,4a8a1268-458c-4f75-8a90-6e0a7c24cfe2_fyposimple.obo_functional.owl,S H ,1,0,SH,
0,/media/nico/Seagate Expansion Drive/ore2014/pool/files/exported,10,0,0,0,1150,0,1160,,1127,1,ore-metricsgathering-0.0.1.jar,10,DisjointClasses Declaration EquivalentClasses ObjectPropertyRange InverseObjectProperties ClassAssertion SubClassOf ObjectPropertyDomain ,C AL I ,0,1120,5,DisjointClasses Declaration EquivalentClasses ObjectPropertyRange InverseObjectProperties ClassAssertion SubClassOf ObjectPropertyDomain ,356590,0,0,2,0,,OntologyMetricsGathering,5,1,0,0,1120,2,ALCI,1,0,1160,1127,0,2014/07/04 12:28:09,1150,0,0,50fc5b44-9af0-4540-866e-a19f5eb44a23__2010_base.owl_functional.owl,C AL I ,0,0,ALCI,
0,/media/nico/Seagate Expansion Drive/ore2014/pool/files/exported,0,0,0,6,177,6,180,,126,1,ore-metricsgathering-0.0.1.jar,0,SubObjectPropertyOf InverseObjectProperties Declaration SubClassOf TransitiveObjectProperty ,E TRAN AL H I ,0,118,0,SubObjectPropertyOf InverseObjectProperties Declaration SubClassOf TransitiveObjectProperty ,29872,0,0,8,0,,OntologyMetricsGathering,0,1,0,0,118,8,ALEHI+,0,0,180,126,0,2014/07/04 12:33:29,177,0,0,54bd4a53-4111-403d-8d8e-010116144168_tagenomics.owl_functional.owl,E TRAN AL H I ,0,0,ALEHI+,
0,/media/nico/Seagate Expansion Drive/ore2014/pool/files/exported,0,0,0,0,286,0,286,,148,1,ore-metricsgathering-0.0.1.jar,0,DisjointClasses Declaration SubClassOf ,C AL ,0,147,0,DisjointClasses Declaration SubClassOf ,61065,0,0,1,0,,OntologyMetricsGathering,0,1,0,0,147,1,ALC,0,0,286,148,0,2014/07/04 12:34:40,286,0,0,55cf17e6-2a7b-4880-a565-d62100789957_Function_1.owl_functional.owl,C AL ,0,0,ALC,
0,/media/nico/Seagate Expansion Drive/ore2014/pool/files/exported,0,0,0,0,13584,0,13584,,4209,1,ore-metricsgathering-0.0.1.jar,0,DisjointClasses Declaration EquivalentClasses SubClassOf ,C AL ,0,4198,0,DisjointClasses Declaration EquivalentClasses SubClassOf ,3279381,0,0,11,0,,OntologyMetricsGathering,0,1,0,0,4198,11,ALC,0,0,13584,4209,0,2014/07/04 12:37:39,13584,0,0,58197550-a9dd-4328-9ea0-9f26169c8e22_NIFMolecule.owl_functional.owl,C AL ,0,0,ALC,
12,/media/nico/Seagate Expansion Drive/ore2014/pool/files/exported,0,12,12,0,1088,0,1088,,1774,1,ore-metricsgathering-0.0.1.jar,0,Declaration ObjectPropertyRange SubClassOf ,D U AL N ,0,811,0,Declaration ObjectPropertyRange SubClassOf ,925129,12,0,556,395,,OntologyMetricsGathering,0,1,395,0,811,556,ALUN(D),0,0,1088,1774,0,2014/07/04 12:43:06,1088,0,0,5ce4039f-7515-4d22-b1b5-8cc98458c243_Mpeg72001.owl_functional.owl,D U AL N ,0,0,ALUN(D),
0,/media/nico/Seagate Expansion Drive/ore2014/pool/files/exported,0,0,0,6,89824,6,89827,,39015,1,ore-metricsgathering-0.0.1.jar,0,InverseObjectProperties TransitiveObjectProperty EquivalentClasses SubClassOf SubObjectPropertyOf Declaration ,E TRAN AL H I ,0,39007,0,InverseObjectProperties TransitiveObjectProperty EquivalentClasses SubClassOf SubObjectPropertyOf Declaration ,13804733,0,0,8,0,,OntologyMetricsGathering,0,1,0,0,39007,8,ALEHI+,0,0,89827,39015,0,2014/07/04 13:00:45,89824,0,0,75549c56-685e-448c-afe5-03755ad3217c_go.owl_functional.owl,E TRAN AL H I ,0,0,ALEHI+,
0,/media/nico/Seagate Expansion Drive/ore2014/pool/files/exported,0,0,0,0,13013,0,13013,,9273,1,ore-metricsgathering-0.0.1.jar,0,Declaration SubClassOf ,AL ,0,9273,0,Declaration SubClassOf ,1865952,0,0,0,0,,OntologyMetricsGathering,0,1,0,1,9273,0,AL,1,0,13013,9273,0,2014/07/04 13:00:51,13013,1,0,756d4706-697f-452e-99cd-dbf32081601a__ontology.owl2_functional.owl,AL ,1,0,AL,
0,/media/nico/Seagate Expansion Drive/ore2014/pool/files/exported,36,0,0,0,566,0,602,,585,1,ore-metricsgathering-0.0.1.jar,36,Declaration ObjectPropertyRange ClassAssertion SubClassOf ObjectPropertyDomain ,AL ,0,556,18,Declaration ObjectPropertyRange ClassAssertion SubClassOf ObjectPropertyDomain ,127736,0,0,11,0,,OntologyMetricsGathering,18,1,0,1,556,11,AL,1,0,602,585,0,2014/07/04 13:03:38,566,0,0,77094653-1dd0-493a-9927-7e327ab26df1_phylo.owl_functional.owl,AL ,1,0,AL,
0,/media/nico/Seagate Expansion Drive/ore2014/pool/files/exported,0,0,0,442,4113,442,4529,,3161,1,ore-metricsgathering-0.0.1.jar,0,EquivalentClasses SubObjectPropertyOf Declaration SubClassOf TransitiveObjectProperty FunctionalObjectProperty ,E F TRAN AL H ,0,2748,0,EquivalentClasses SubObjectPropertyOf Declaration SubClassOf TransitiveObjectProperty FunctionalObjectProperty ,1021256,0,0,413,0,,OntologyMetricsGathering,0,1,0,0,2748,413,ALEHF+,0,0,4529,3161,0,2014/07/04 13:04:16,4113,0,0,77af02d9-169a-4074-83f3-b4e89d13bdc5_galen.owl_functional.owl,E F TRAN AL H ,0,0,ALEHF+,
0,/media/nico/Seagate Expansion Drive/ore2014/pool/files/exported,58,0,0,0,184,0,242,,172,1,ore-metricsgathering-0.0.1.jar,58,Declaration ClassAssertion SubClassOf ,E Q AL O ,0,137,29,Declaration ClassAssertion SubClassOf ,64602,0,0,6,0,,OntologyMetricsGathering,29,1,0,0,137,6,ALEOQ,0,0,242,172,0,2014/07/04 13:15:12,184,0,0,8483d657-6932-4d42-8980-3b7eb996c17c_ngineering.owl_functional.owl,E Q AL O ,0,0,ALEOQ,
0,/media/nico/Seagate Expansion Drive/ore2014/pool/files/exported,163648,0,0,0,38703,0,202351,,38707,1,ore-metricsgathering-0.0.1.jar,163648,ClassAssertion SubClassOf Declaration ,AL ,0,38707,0,ClassAssertion SubClassOf Declaration ,19755663,0,0,0,0,,OntologyMetricsGathering,0,1,0,1,38707,0,AL,0,0,202351,38707,0,2014/07/04 13:22:05,38703,1,0,8b075aae-de78-4da8-ab82-5c5afbeab78f_leost_taxonomy_functional.owl,AL ,0,0,AL,
0,/media/nico/Seagate Expansion Drive/ore2014/pool/files/exported,0,0,0,1,2450,1,2450,,2148,1,ore-metricsgathering-0.0.1.jar,0,Declaration SubClassOf TransitiveObjectProperty ,TRAN AL ,0,2147,0,Declaration SubClassOf TransitiveObjectProperty ,446164,0,0,1,0,,OntologyMetricsGathering,0,1,0,0,2147,1,AL+,0,0,2450,2148,0,2014/07/04 13:22:52,2450,1,0,8bdbdcc6-2c79-48af-8157-66abf593a8f2_classified.owl_functional.owl,TRAN AL ,1,0,AL+,
0,/media/nico/Seagate Expansion Drive/ore2014/pool/files/exported,0,0,0,0,203,0,203,,421,1,ore-metricsgathering-0.0.1.jar,0,Declaration EquivalentClasses ,E AL ,0,419,0,Declaration EquivalentClasses ,76125,0,0,2,0,,OntologyMetricsGathering,0,1,0,0,419,2,ALE,0,0,203,421,0,2014/07/04 13:25:39,203,0,0,8ec61954-36f1-45db-afa0-09e6683b4f21_ent_xp_go.owl2_functional.owl,E AL ,1,0,ALE,
0,/media/nico/Seagate Expansion Drive/ore2014/pool/files/exported,0,0,0,3,4098,3,4098,,2560,1,ore-metricsgathering-0.0.1.jar,0,Declaration EquivalentClasses SubClassOf TransitiveObjectProperty ,S ,0,2555,0,Declaration EquivalentClasses SubClassOf TransitiveObjectProperty ,659924,0,0,5,0,,OntologyMetricsGathering,0,1,0,0,2555,5,S,0,0,4098,2560,0,2014/07/04 13:43:56,4098,0,0,a14a100e-202f-4eb1-9539-b24a28b802fb_cl_import.owl_functional.owl,S ,0,0,S,
0,/media/nico/Seagate Expansion Drive/ore2014/pool/files/exported,0,0,0,230,2672,230,2902,,1596,1,ore-metricsgathering-0.0.1.jar,0,SubObjectPropertyOf Declaration InverseObjectProperties SubClassOf FunctionalObjectProperty InverseFunctionalObjectProperty ,E F AL H I ,0,1382,0,SubObjectPropertyOf Declaration InverseObjectProperties SubClassOf FunctionalObjectProperty InverseFunctionalObjectProperty ,633369,0,0,214,0,,OntologyMetricsGathering,0,1,0,0,1382,214,ALEHIF,0,0,2902,1596,0,2014/07/04 13:49:39,2672,0,0,a9712c71-8004-4e17-b056-4f7a11e7d64d_ABGSegment.owl_functional.owl,E F AL H I ,0,0,ALEHIF,
0,/media/nico/Seagate Expansion Drive/ore2014/pool/files/exported,0,0,0,0,1349,0,1349,,219,1,ore-metricsgathering-0.0.1.jar,0,DisjointClasses Declaration InverseObjectProperties ObjectPropertyRange SubClassOf ObjectPropertyDomain FunctionalObjectProperty InverseFunctionalObjectProperty ,F C AL I ,0,121,0,DisjointClasses Declaration InverseObjectProperties ObjectPropertyRange SubClassOf ObjectPropertyDomain FunctionalObjectProperty InverseFunctionalObjectProperty ,237458,0,0,98,0,,OntologyMetricsGathering,0,1,0,0,121,98,ALCIF,0,0,1349,219,0,2014/07/04 13:54:11,1349,0,0,afad60ce-2326-429e-81c5-ca55842c39c3_entication.owl_functional.owl,F C AL I ,0,0,ALCIF,
0,/media/nico/Seagate Expansion Drive/ore2014/pool/files/approximated/el,1,0,0,6,116,6,123,,123,1,ore-metricsgathering-0.0.1.jar,1,SubObjectPropertyOf Declaration SubClassOf ClassAssertion ,AL H ,0,50,1,SubObjectPropertyOf Declaration SubClassOf ClassAssertion ,34778,0,0,72,0,,OntologyMetricsGathering,1,1,0,0,50,72,ALH,1,0,123,123,0,2014/07/07 11:43:45,116,0,0,approximated_00fec224-5de9-4f5c-bd58-6fe5903fc3a0_gilcore.owl_functional.owl,AL H ,1,0,ALH,
0,/media/nico/Seagate Expansion Drive/ore2014/pool/files/approximated/el,0,0,0,0,574,0,574,,548,1,ore-metricsgathering-0.0.1.jar,0,Declaration SubClassOf ,AL ,0,548,0,Declaration SubClassOf ,75113,0,0,0,0,,OntologyMetricsGathering,0,1,0,1,548,0,AL,1,0,574,548,0,2014/07/07 11:44:11,574,1,0,approximated_015e0fd4-bede-40a3-8406-3dfc6fc6a8dd_all.rdf_functional.owl,AL ,1,0,AL,
0,/media/nico/Seagate Expansion Drive/ore2014/pool/files/approximated/el,0,0,0,0,540,0,540,,510,1,ore-metricsgathering-0.0.1.jar,0,Declaration SubClassOf ,E AL ,0,498,0,Declaration SubClassOf ,133065,0,0,12,0,,OntologyMetricsGathering,0,1,0,0,498,12,ALE,1,0,540,510,0,2014/07/07 11:48:13,540,0,0,approximated_071feca2-a248-4370-97da-ff1d0b83c571_logyv0.1.3.owl_functional.owl,E AL ,1,0,ALE,
0,/media/nico/Seagate Expansion Drive/ore2014/pool/files/approximated/el,12,0,0,12,165,12,189,,163,1,ore-metricsgathering-0.0.1.jar,12,SubObjectPropertyOf Declaration ClassAssertion SubClassOf ,C AL O H ,0,69,12,SubObjectPropertyOf Declaration ClassAssertion SubClassOf ,47004,0,0,82,0,,OntologyMetricsGathering,12,1,0,0,69,82,ALCHO,0,0,189,163,0,2014/07/07 11:51:43,165,0,0,approximated_0d5857a3-e59e-4648-9efa-e40e9aa42ecc_Grounding.owl_functional.owl,C AL O H ,1,0,ALCHO,
0,/media/nico/Seagate Expansion Drive/ore2014/pool/files/approximated/el,0,0,0,0,1470,0,1470,,278,1,ore-metricsgathering-0.0.1.jar,0,Declaration SubClassOf ,E AL ,0,268,0,Declaration SubClassOf ,382402,0,0,10,0,,OntologyMetricsGathering,0,1,0,0,268,10,ALE,1,0,1470,278,0,2014/07/07 11:58:16,1470,0,0,approximated_187f0d06-043e-4d8a-82a7-f5a2d020ec79_pmbok4.owl_functional.owl,E AL ,1,0,ALE,
0,/media/nico/Seagate Expansion Drive/ore2014/pool/files/approximated/el,7,0,0,2,4430,2,4439,,2374,1,ore-metricsgathering-0.0.1.jar,7,SubObjectPropertyOf Declaration SubClassOf ClassAssertion ,E AL H ,0,2363,7,SubObjectPropertyOf Declaration SubClassOf ClassAssertion ,612153,0,0,4,0,,OntologyMetricsGathering,7,1,0,0,2363,4,ALEH,1,0,4439,2374,0,2014/07/07 12:07:40,4430,0,0,approximated_261f18de-581b-4334-9bd1-fa87028404cc__component.owl_functional.owl,E AL H ,1,0,ALEH,
0,/media/nico/Seagate Expansion Drive/ore2014/pool/files/approximated/el,963,0,0,0,2542,0,3505,,3320,1,ore-metricsgathering-0.0.1.jar,963,Declaration SubClassOf ClassAssertion ,E AL ,0,2354,963,Declaration SubClassOf ClassAssertion ,510969,0,0,3,0,,OntologyMetricsGathering,963,1,0,0,2354,3,ALE,1,0,3505,3320,0,2014/07/07 12:09:09,2542,0,0,approximated_2886c605-9dfb-4cc2-9528-8b56dd528434_CMO_OWL.owl_functional.owl,E AL ,1,0,ALE,
0,/media/nico/Seagate Expansion Drive/ore2014/pool/files/approximated/el,0,0,0,2,113,2,115,,98,1,ore-metricsgathering-0.0.1.jar,0,SubObjectPropertyOf Declaration SubClassOf ,E AL H ,0,94,0,SubObjectPropertyOf Declaration SubClassOf ,23496,0,0,4,0,,OntologyMetricsGathering,0,1,0,0,94,4,ALEH,1,0,115,98,0,2014/07/07 12:11:00,113,0,0,approximated_2c12ed51-4979-4434-914a-ecea1d50d0da_udy_design.owl_functional.owl,E AL H ,1,0,ALEH,
0,/media/nico/Seagate Expansion Drive/ore2014/pool/files/approximated/el,284,0,0,6,49,6,339,,307,1,ore-metricsgathering-0.0.1.jar,284,SubObjectPropertyOf Declaration SubClassOf ClassAssertion ,AL H ,0,38,234,SubObjectPropertyOf Declaration SubClassOf ClassAssertion ,61709,0,0,35,0,,OntologyMetricsGathering,234,1,0,0,38,35,ALH,1,0,339,307,0,2014/07/07 12:17:40,49,1,0,approximated_3b913059-e630-4275-be45-859984a1b7be_e_semantic.rdf_functional.owl,AL H ,1,0,ALH,
0,/media/nico/Seagate Expansion Drive/ore2014/pool/files/approximated/el,12,0,0,7,310,7,329,,333,1,ore-metricsgathering-0.0.1.jar,12,SubObjectPropertyOf Declaration SubClassOf ClassAssertion ,AL H ,0,146,12,SubObjectPropertyOf Declaration SubClassOf ClassAssertion ,60432,0,0,175,0,,OntologyMetricsGathering,12,1,0,0,146,175,ALH,1,0,329,333,0,2014/07/07 12:24:01,310,1,0,approximated_4907f5f7-6fb8-49a4-8f69-33907519ca4e_bio2rdf.owl_functional.owl,AL H ,1,0,ALH,
0,/media/nico/Seagate Expansion Drive/ore2014/pool/files/approximated/el,8,0,0,19,130,19,157,,137,1,ore-metricsgathering-0.0.1.jar,8,SubObjectPropertyOf Declaration SubClassOf ClassAssertion ,C AL O H ,0,48,8,SubObjectPropertyOf Declaration SubClassOf ClassAssertion ,38815,0,0,81,0,,OntologyMetricsGathering,8,1,0,0,48,81,ALCHO,0,0,157,137,0,2014/07/07 12:26:28,130,0,0,approximated_4e70f119-38cb-4762-aae7-b588cfa028e0_Profile.owl_functional.owl,C AL O H ,1,0,ALCHO,
0,/media/nico/Seagate Expansion Drive/ore2014/pool/files/approximated/el,65,0,0,82,901,82,1048,,915,1,ore-metricsgathering-0.0.1.jar,65,SubObjectPropertyOf Declaration ClassAssertion SubClassOf ,AL H ,0,637,65,SubObjectPropertyOf Declaration ClassAssertion SubClassOf ,623612,0,0,213,0,,OntologyMetricsGathering,65,1,0,0,637,213,ALH,1,0,1048,915,0,2014/07/07 12:29:56,901,1,0,approximated_50c9ffca-2132-4434-afab-d4ce20cc2714_SUMOLite.owl_functional.owl,AL H ,1,0,ALH,
0,/media/nico/Seagate Expansion Drive/ore2014/pool/files/approximated/el,0,0,0,0,294,0,294,,298,1,ore-metricsgathering-0.0.1.jar,0,SubClassOf Declaration ,AL ,0,292,0,SubClassOf Declaration ,93315,0,0,6,0,,OntologyMetricsGathering,0,1,0,0,292,6,AL,1,0,294,298,0,2014/07/07 12:34:39,294,1,0,approximated_59c42aeb-6dc2-4824-a7ec-6aed305e2aa5_alModel2.0.owl_functional.owl,AL ,1,0,AL,
0,/media/nico/Seagate Expansion Drive/ore2014/pool/files/approximated/el,289,0,0,0,765,0,1054,,1028,1,ore-metricsgathering-0.0.1.jar,289,Declaration DifferentIndividuals SubClassOf ClassAssertion ,C AL O ,0,767,260,Declaration DifferentIndividuals SubClassOf ClassAssertion ,289834,0,0,1,0,,OntologyMetricsGathering,260,1,0,0,767,1,ALCO,1,0,1054,1028,0,2014/07/07 12:34:53,765,0,0,approximated_5a31ff58-7b01-4f05-b0ee-a5993d80b7ed_NIFOrganism.owl_functional.owl,C AL O ,1,0,ALCO,
0,/media/nico/Seagate Expansion Drive/ore2014/pool/files/approximated/el,106,0,0,51,1146,51,1303,,1047,1,ore-metricsgathering-0.0.1.jar,106,SubObjectPropertyOf Declaration SubClassOf ClassAssertion ,E AL H ,0,925,66,SubObjectPropertyOf Declaration SubClassOf ClassAssertion ,212067,0,0,56,0,,OntologyMetricsGathering,66,1,0,0,925,56,ALEH,0,0,1303,1047,0,2014/07/07 12:51:24,1146,0,0,approximated_8a0f3776-a145-498d-bff7-015edd0be169_ongkhalink.rdf_functional.owl,E AL H ,1,0,ALEH,
0,/media/nico/Seagate Expansion Drive/ore2014/pool/files/approximated/el,0,0,0,0,244,0,244,,206,1,ore-metricsgathering-0.0.1.jar,0,Declaration SubClassOf ,AL ,0,110,0,Declaration SubClassOf ,47138,0,0,96,0,,OntologyMetricsGathering,0,1,0,0,110,96,AL,1,0,244,206,0,2014/07/07 13:21:45,244,0,0,approximated_d4af5918-ea4f-41f6-af2c-1aac74993011_RIMDatatype_functional.owl,AL ,1,0,AL,
0,/media/nico/Seagate Expansion Drive/ore2014/pool/files/approximated/el,16,0,0,0,129,0,145,,142,1,ore-metricsgathering-0.0.1.jar,16,Declaration DifferentIndividuals SubClassOf ClassAssertion ,C AL O ,0,124,15,Declaration DifferentIndividuals SubClassOf ClassAssertion ,33036,0,0,3,0,,OntologyMetricsGathering,15,1,0,0,124,3,ALCO,1,0,145,142,0,2014/07/07 13:30:19,129,0,0,approximated_ec09fbd9-58ba-41a3-9c84-368d91118936_OBIMay2008.owl_functional.owl,C AL O ,1,0,ALCO,
0,/media/nico/Seagate Expansion Drive/ore2014/pool/files/approximated/el,98,0,0,0,51,0,149,,149,1,ore-metricsgathering-0.0.1.jar,98,ClassAssertion SubClassOf Declaration ,AL ,0,39,79,ClassAssertion SubClassOf Declaration ,39158,0,0,31,0,,OntologyMetricsGathering,79,1,0,0,39,31,AL,1,0,149,149,0,2014/07/07 13:33:52,51,1,0,approximated_faa95fb1-bdbd-4f60-b9cc-fda92c198986_PaulFisher.rdf_functional.owl,AL ,1,0,AL,
0,/media/nico/Seagate Expansion Drive/ore2014/pool/files/approximated/el,166,0,0,0,88210,0,88376,,4256,1,ore-metricsgathering-0.0.1.jar,166,Declaration SubClassOf ClassAssertion ,E AL ,0,4253,1,Declaration SubClassOf ClassAssertion ,15275378,0,0,2,0,,OntologyMetricsGathering,1,1,0,0,4253,2,ALE,0,0,88376,4256,0,2014/07/07 13:35:25,88210,0,0,approximated_genomic-cds-demo.owl_functional.owl,E AL ,1,0,ALE,
0,/media/nico/Seagate Expansion Drive/ore2014/pool/files/approximated/el,0,0,0,0,88010,0,88010,,4055,1,ore-metricsgathering-0.0.1.jar,0,Declaration SubClassOf ,E AL ,0,4053,0,Declaration SubClassOf ,15189993,0,0,2,0,,OntologyMetricsGathering,0,1,0,0,4053,2,ALE,0,0,88010,4055,0,2014/07/07 13:35:29,88010,0,0,approximated_genomic-cds.owl_functional.owl,E AL ,1,0,ALE,
0,/media/nico/Seagate Expansion Drive/ore2014/pool/files/approximated/el,714,0,0,0,31379,0,32093,,28849,1,ore-metricsgathering-0.0.1.jar,714,Declaration SubClassOf ClassAssertion ,E AL ,0,28115,634,Declaration SubClassOf ClassAssertion ,5576318,0,0,100,0,,OntologyMetricsGathering,634,1,0,0,28115,100,ALE,1,0,32093,28849,0,2014/07/07 13:37:25,31379,0,0,approximated_kb-owl-syntax-coreference-IDs-cardinalities-triggers-constant-classes-value-nominals.ofn_functional.owl,E AL ,1,0,ALE,
0,/media/nico/Seagate Expansion Drive/ore2014/pool/files/approximated/el,714,0,0,0,29532,0,30246,,7757,1,ore-metricsgathering-0.0.1.jar,714,Declaration ClassAssertion SubClassOf ,E AL ,0,6937,634,Declaration ClassAssertion SubClassOf ,5004076,0,0,186,0,,OntologyMetricsGathering,634,1,0,0,6937,186,ALE,0,0,30246,7757,0,2014/07/07 13:41:38,29532,0,0,approximated_kb-owl-syntax-unraveled-depth-1-cardinalities-disjointness-triggers-constant-classes-value-nominals.ofn_functional.owl,E AL ,1,0,ALE,
0,/media/nico/Seagate Expansion Drive/ore2014/pool/files/approximated/el,714,0,0,0,16453,0,17167,,7124,1,ore-metricsgathering-0.0.1.jar,714,Declaration ClassAssertion SubClassOf ,E AL ,0,6325,634,Declaration ClassAssertion SubClassOf ,2983328,0,0,165,0,,OntologyMetricsGathering,634,1,0,0,6325,165,ALE,1,0,17167,7124,0,2014/07/07 13:46:50,16453,0,0,approximated_kb-owl-syntax-unraveled-depth-3-constant-classes-value-nominals.ofn_functional.owl,E AL ,1,0,ALE,
0,/media/nico/Seagate Expansion Drive/ore2014/pool/files/approximated/el,714,0,0,0,16472,0,17186,,7182,1,ore-metricsgathering-0.0.1.jar,714,Declaration SubClassOf ClassAssertion ,E AL ,0,6383,634,Declaration SubClassOf ClassAssertion ,2988011,0,0,165,0,,OntologyMetricsGathering,634,1,0,0,6383,165,ALE,1,0,17186,7182,0,2014/07/07 13:48:02,16472,0,0,approximated_kb-owl-syntax-unraveled-depth-3-km-relevant-cardinalities-triggers-constant-classes-value-nominals.ofn_functional.owl,E AL ,1,0,ALE,
0,/media/nico/Seagate Expansion Drive/ore2014/pool/files/exported,0,0,0,9,16479,9,16484,,5461,1,ore-metricsgathering-0.0.1.jar,0,EquivalentClasses SubObjectPropertyOf Declaration SubClassOf DisjointClasses TransitiveObjectProperty ,S H ,0,5437,0,EquivalentClasses SubObjectPropertyOf Declaration SubClassOf DisjointClasses TransitiveObjectProperty ,3339998,0,0,24,0,,OntologyMetricsGathering,0,1,0,0,5437,24,SH,0,0,16484,5461,0,2014/07/04 13:59:44,16479,0,0,b7c19a22-c91c-4b51-894a-d8a8a3d2a7c0_cl.obo_functional.owl,S H ,0,0,SH,
0,/media/nico/Seagate Expansion Drive/ore2014/pool/files/exported,0,0,0,72,572,72,644,,523,1,ore-metricsgathering-0.0.1.jar,0,SubObjectPropertyOf Declaration ObjectPropertyRange SubClassOf ,E AL H ,0,288,0,SubObjectPropertyOf Declaration ObjectPropertyRange SubClassOf ,161539,0,0,235,0,,OntologyMetricsGathering,0,1,0,0,288,235,ALEH,0,0,644,523,0,2014/07/04 14:05:28,572,0,0,c0ca4e3f-ff6b-4eac-882c-183788832e5f_citygml.owl_functional.owl,E AL H ,0,0,ALEH,
0,/media/nico/Seagate Expansion Drive/ore2014/pool/files/exported,0,0,0,1,4763,1,4764,,6510,1,ore-metricsgathering-0.0.1.jar,0,EquivalentClasses SubClassOf SubObjectPropertyOf Declaration ,C AL H ,0,6495,0,EquivalentClasses SubClassOf SubObjectPropertyOf Declaration ,1831491,0,0,15,0,,OntologyMetricsGathering,0,1,0,0,6495,15,ALCH,0,0,4764,6510,0,2014/07/04 14:06:46,4763,0,0,c2abef0f-3619-4589-860a-22821e5142ac_ntology_xp.obo_functional.owl,C AL H ,0,0,ALCH,
0,/media/nico/Seagate Expansion Drive/ore2014/pool/files/exported,0,0,0,6,90553,6,90553,,59015,1,ore-metricsgathering-0.0.1.jar,0,DisjointClasses Declaration SubClassOf TransitiveObjectProperty ,Q S ,0,59006,0,DisjointClasses Declaration SubClassOf TransitiveObjectProperty ,13462986,0,0,9,0,,OntologyMetricsGathering,0,1,0,0,59006,9,SQ,0,0,90553,59015,0,2014/07/04 14:07:24,90553,0,0,c343f7b1-c70e-4dbd-bef7-0d3b9aaf6fd7_prsimple.owl_functional.owl,Q S ,0,0,SQ,
0,/media/nico/Seagate Expansion Drive/ore2014/pool/files/exported,0,0,0,27,98,27,115,,59,1,ore-metricsgathering-0.0.1.jar,0,SubObjectPropertyOf Declaration EquivalentClasses InverseObjectProperties ObjectPropertyRange SubClassOf ObjectPropertyDomain TransitiveObjectProperty ,S H I ,0,40,0,SubObjectPropertyOf Declaration EquivalentClasses InverseObjectProperties ObjectPropertyRange SubClassOf ObjectPropertyDomain TransitiveObjectProperty ,24158,0,0,19,0,,OntologyMetricsGathering,0,1,0,0,40,19,SHI,0,0,115,59,0,2014/07/04 14:12:36,98,0,0,c93db046-8fc7-4bfc-8abe-c4ccd5090272_tivitydemo.owl_functional.owl,S H I ,0,0,SHI,
0,/media/nico/Seagate Expansion Drive/ore2014/pool/files/exported,0,0,0,11,11189,11,11195,,4045,1,ore-metricsgathering-0.0.1.jar,0,EquivalentClasses SubObjectPropertyOf Declaration SubClassOf DisjointClasses TransitiveObjectProperty ,S H ,0,4012,0,EquivalentClasses SubObjectPropertyOf Declaration SubClassOf DisjointClasses TransitiveObjectProperty ,2142291,0,0,33,0,,OntologyMetricsGathering,0,1,0,0,4012,33,SH,0,0,11195,4045,0,2014/07/04 14:12:38,11189,0,0,c9422304-a4fb-40e4-9d0f-81bdea1cd50b_l.obo.PREVIOUS_functional.owl,S H ,0,0,SH,
0,/media/nico/Seagate Expansion Drive/ore2014/pool/files/exported,63,0,0,0,278,0,341,,280,1,ore-metricsgathering-0.0.1.jar,63,Declaration ClassAssertion SubClassOf ,AL ,0,280,0,Declaration ClassAssertion SubClassOf ,48559,0,0,0,0,,OntologyMetricsGathering,0,1,0,1,280,0,AL,0,0,341,280,0,2014/07/04 14:19:12,278,0,0,csso.clinical-signs-and-symptoms-ontology.4.owl.xml_functional.owl,AL ,0,0,AL,
0,/media/nico/Seagate Expansion Drive/ore2014/pool/files/exported,47,0,0,27,535,27,594,,459,1,ore-metricsgathering-0.0.1.jar,47,EquivalentClasses SubObjectPropertyOf InverseObjectProperties Declaration DifferentIndividuals SubClassOf ObjectPropertyDomain ClassAssertion DisjointClasses TransitiveObjectProperty ObjectPropertyRange ,S O H I ,0,417,18,EquivalentClasses SubObjectPropertyOf InverseObjectProperties Declaration DifferentIndividuals SubClassOf ObjectPropertyDomain ClassAssertion DisjointClasses TransitiveObjectProperty ObjectPropertyRange ,91353,0,0,24,0,,OntologyMetricsGathering,18,1,0,0,417,24,SHOI,0,0,594,459,0,2014/07/04 14:19:41,535,0,0,d072d130-da53-40a3-a616-59642617ccc3_M4L.owl_functional.owl,S O H I ,0,0,SHOI,
0,/media/nico/Seagate Expansion Drive/ore2014/pool/files/exported,5594,0,0,0,292,0,5886,,3122,1,ore-metricsgathering-0.0.1.jar,5594,Declaration SubClassOf ClassAssertion ,AL ,0,299,2823,Declaration SubClassOf ClassAssertion ,619149,0,0,0,0,,OntologyMetricsGathering,2823,1,0,1,299,0,AL,0,0,5886,3122,0,2014/07/04 14:20:02,292,1,0,d0ded12f-0a03-4c16-9784-39f0ae56e7ff_kyamk.owl_functional.owl,AL ,0,0,AL,
0,/media/nico/Seagate Expansion Drive/ore2014/pool/files/exported,0,0,0,0,283,0,283,,152,1,ore-metricsgathering-0.0.1.jar,0,DisjointClasses Declaration SubClassOf ,C AL ,0,151,0,DisjointClasses Declaration SubClassOf ,60948,0,0,1,0,,OntologyMetricsGathering,0,1,0,0,151,1,ALC,0,0,283,152,0,2014/07/04 14:20:11,283,0,0,d118f435-8920-4e8c-81b3-fb572717cfec_NIFFunction.owl_functional.owl,C AL ,0,0,ALC,
0,/media/nico/Seagate Expansion Drive/ore2014/pool/files/exported,0,0,0,0,15380,0,15380,,15381,1,ore-metricsgathering-0.0.1.jar,0,Declaration SubClassOf ,AL ,0,15381,0,Declaration SubClassOf ,2768762,0,0,0,0,,OntologyMetricsGathering,0,1,0,1,15381,0,AL,1,0,15380,15381,0,2014/07/04 14:21:21,15380,1,0,d2de1f4a-7c94-4c4c-956e-38b7a836b4ed_protlabels.obo_functional.owl,AL ,1,0,AL,
0,/media/nico/Seagate Expansion Drive/ore2014/pool/files/exported,102,0,0,0,1,0,103,,54,1,ore-metricsgathering-0.0.1.jar,102,Declaration ClassAssertion ObjectPropertyRange ,AL ,0,16,37,Declaration ClassAssertion ObjectPropertyRange ,11719,0,0,1,0,,OntologyMetricsGathering,37,1,0,1,16,1,AL,0,0,103,54,0,2014/07/04 14:26:20,1,1,0,d9f87343-d24d-47c7-9a74-ee066c16d5c7_lsrth.rdf_functional.owl,AL ,0,0,AL,
0,/media/nico/Seagate Expansion Drive/ore2014/pool/files/exported,0,0,0,0,65926,0,65926,,19163,1,ore-metricsgathering-0.0.1.jar,0,Declaration SubClassOf ,E AL ,0,19162,0,Declaration SubClassOf ,12832646,0,0,1,0,,OntologyMetricsGathering,0,1,0,0,19162,1,ALE,1,0,65926,19163,0,2014/07/04 14:33:25,65926,0,0,e0a109c2-83f0-4d25-8cdc-f8068804dbb2_rsimplegaf.owl_functional.owl,E AL ,1,0,ALE,
0,/media/nico/Seagate Expansion Drive/ore2014/pool/files/exported,0,0,0,76,279,76,349,,107,1,ore-metricsgathering-0.0.1.jar,0,EquivalentClasses SubObjectPropertyOf InverseObjectProperties Declaration SubClassOf ObjectPropertyDomain DisjointClasses TransitiveObjectProperty ObjectPropertyRange ,S H I ,0,37,0,EquivalentClasses SubObjectPropertyOf InverseObjectProperties Declaration SubClassOf ObjectPropertyDomain DisjointClasses TransitiveObjectProperty ObjectPropertyRange ,94875,0,0,70,0,,OntologyMetricsGathering,0,1,0,0,37,70,SHI,0,0,349,107,0,2014/07/04 14:33:54,279,0,0,e1404a38-2d70-4173-8c02-6b6fac85cf32_DOLCELite.owl_functional.owl,S H I ,0,0,SHI,
0,/media/nico/Seagate Expansion Drive/ore2014/pool/files/exported,0,0,0,0,13730,0,13730,,13732,1,ore-metricsgathering-0.0.1.jar,0,Declaration SubClassOf ,E AL ,0,13731,0,Declaration SubClassOf ,3798032,0,0,1,0,,OntologyMetricsGathering,0,1,0,0,13731,1,ALE,1,0,13730,13732,0,2014/07/04 14:45:12,13730,0,0,efdc2a3d-b99d-4695-9d86-c000183b0c47_emapmerged.obo_functional.owl,E AL ,1,0,ALE,
1,/media/nico/Seagate Expansion Drive/ore2014/pool/files/exported,0,1,1,0,86025,0,86025,,5915,1,ore-metricsgathering-0.0.1.jar,0,Declaration SubClassOf ,D E AL ,0,5908,0,Declaration SubClassOf ,19945758,1,0,5,1,,OntologyMetricsGathering,0,1,1,0,5908,5,ALE(D),0,0,86025,5915,0,2014/07/04 14:47:43,86025,0,0,f2a8ee0b-442b-4249-92b7-0299afc47da6_gina.owl_functional.owl,D E AL ,0,0,ALE(D),
0,/media/nico/Seagate Expansion Drive/ore2014/pool/files/exported,73951,0,0,0,9258,0,83209,,8811,1,ore-metricsgathering-0.0.1.jar,73951,Declaration EquivalentClasses SubClassOf ClassAssertion ,E AL ,0,8804,6,Declaration EquivalentClasses SubClassOf ClassAssertion ,7633143,0,0,1,0,,OntologyMetricsGathering,6,1,0,0,8804,1,ALE,0,0,83209,8811,0,2014/07/04 14:56:13,9258,0,0,fee2724f-5d72-40c1-961b-394a2677c8c5_DOIDBridge.owl_functional.owl,E AL ,0,0,ALE,
0,/media/nico/Seagate Expansion Drive/ore2014/pool/files/exported,44,0,0,2,99,2,145,,152,1,ore-metricsgathering-0.0.1.jar,44,SubObjectPropertyOf Declaration ObjectPropertyRange SubClassOf ClassAssertion ObjectPropertyDomain ,U AL O H ,0,99,44,SubObjectPropertyOf Declaration ObjectPropertyRange SubClassOf ClassAssertion ObjectPropertyDomain ,34187,0,0,9,0,,OntologyMetricsGathering,44,1,0,0,99,9,ALUHO,0,0,145,152,0,2014/07/04 14:56:35,99,0,0,ff8566a7-b5cf-4101-84fa-e7ed204b83d2_Location.owl_functional.owl,U AL O H ,0,0,ALUHO,
0,/media/nico/Seagate Expansion Drive/ore2014/pool/files/exported,0,0,0,0,13832,0,13832,,10549,1,ore-metricsgathering-0.0.1.jar,0,Declaration SubClassOf ,AL ,0,10549,0,Declaration SubClassOf ,2058632,0,0,0,0,,OntologyMetricsGathering,0,1,0,1,10549,0,AL,1,0,13832,10549,0,2014/07/04 14:58:14,13832,1,0,hp.human-phenotype-ontology.442.owl.xml_functional.owl,AL ,1,0,AL,
0,F:ore2014poolfilesexported,714,0,0,0,16364,0,17078,,6995,1,ore-metricsgathering-0.0.1.jar,714,Declaration DisjointClasses ClassAssertion SubClassOf ,Q C AL ,0,6325,634,Declaration DisjointClasses ClassAssertion SubClassOf ,2412600,0,0,36,0,,OntologyMetricsGathering,634,1,0,0,6325,36,ALCQ,0,0,17078,6995,0,2014/07/06 15:14:34,16364,0,0,kb-owl-syntax-unraveled-depth-0-cardinalities-disjointness-triggers-constant-classes-value-nominals.ofn_functional.owl,Q C AL ,0,0,ALCQ,
0,F:ore2014poolfilesexported,714,0,0,0,16167,0,16881,,6959,1,ore-metricsgathering-0.0.1.jar,714,Declaration ClassAssertion SubClassOf DisjointClasses ,C AL ,0,6325,634,Declaration ClassAssertion SubClassOf DisjointClasses ,2351981,0,0,0,0,,OntologyMetricsGathering,634,1,0,0,6325,0,ALC,1,0,16881,6959,0,2014/07/06 15:15:54,16167,1,0,kb-owl-syntax-unraveled-depth-0-km-relevant-cardinalities-disjointness-constant-classes-value-nominals.ofn_functional.owl,C AL ,1,0,ALC,
1,F:ore2014poolfilesexported,714,1,1,0,6696,0,7410,,7150,1,ore-metricsgathering-0.0.1.jar,714,Declaration ClassAssertion SubClassOf ,D E Q AL ,0,6326,634,Declaration ClassAssertion SubClassOf ,3583983,1,0,188,1,,OntologyMetricsGathering,634,1,1,0,6326,188,ALEQ(D),0,0,7410,7150,0,2014/07/06 15:19:57,6696,0,0,kb-owl-syntax-unraveled-depth-1-km-relevant-cardinalities-triggers-constant-classes-value-nominals.ofn_functional.owl,D E Q AL ,0,0,ALEQ(D),
1,F:ore2014poolfilesexported,0,1,1,0,7410,0,7410,,7150,1,ore-metricsgathering-0.0.1.jar,0,Declaration SubClassOf ,D E Q AL ,0,6960,0,Declaration SubClassOf ,3614761,1,0,188,1,,OntologyMetricsGathering,0,1,1,0,6960,188,ALEQ(D),0,0,7410,7150,0,2014/07/06 15:20:17,7410,0,0,kb-owl-syntax-unraveled-depth-1-triggers-constant-classes-value-classes.ofn_functional.owl,D E Q AL ,0,0,ALEQ(D),
2,F:ore2014poolfilesexported,714,2,2,0,15790,0,16504,,7184,1,ore-metricsgathering-0.0.1.jar,714,Declaration ClassAssertion SubClassOf DisjointClasses ,D Q C AL O ,0,6326,634,Declaration ClassAssertion SubClassOf DisjointClasses ,5260607,2,0,219,3,,OntologyMetricsGathering,634,1,3,0,6326,219,ALCOQ(D),0,0,16504,7184,0,2014/07/06 15:23:03,15790,0,0,kb-owl-syntax-unraveled-depth-2-km-relevant-cardinalities-disjointness-constant-classes-value-nominals.ofn_functional.owl,D Q C AL O ,0,0,ALCOQ(D),
2,F:ore2014poolfilesexported,714,2,2,0,15987,0,16701,,7213,1,ore-metricsgathering-0.0.1.jar,714,Declaration ClassAssertion SubClassOf DisjointClasses ,D Q C AL O ,0,6326,634,Declaration ClassAssertion SubClassOf DisjointClasses ,6476163,2,0,248,3,,OntologyMetricsGathering,634,1,3,0,6326,248,ALCOQ(D),0,0,16701,7213,0,2014/07/06 15:27:14,15987,0,0,kb-owl-syntax-unraveled-depth-3-km-relevant-cardinalities-disjointness-triggers-constant-classes-value-nominals.ofn_functional.owl,D Q C AL O ,0,0,ALCOQ(D),
2,F:ore2014poolfilesexported,0,2,2,0,7411,0,7411,,7223,1,ore-metricsgathering-0.0.1.jar,0,Declaration SubClassOf ,D E Q AL O ,0,6960,10,Declaration SubClassOf ,5439597,2,0,248,3,,OntologyMetricsGathering,10,1,3,0,6960,248,ALEOQ(D),0,0,7411,7223,0,2014/07/06 15:28:00,7411,0,0,kb-owl-syntax-unraveled-depth-3-triggers-constant-classes-value-classes.ofn_functional.owl,D E Q AL O ,0,0,ALEOQ(D),
2,F:ore2014poolfilesexported,714,2,2,0,15987,0,16701,,7228,1,ore-metricsgathering-0.0.1.jar,714,Declaration ClassAssertion SubClassOf DisjointClasses ,D Q C AL O ,0,6326,634,Declaration ClassAssertion SubClassOf DisjointClasses ,8218610,2,0,263,3,,OntologyMetricsGathering,634,1,3,0,6326,263,ALCOQ(D),0,0,16701,7228,0,2014/07/06 15:30:23,15987,0,0,kb-owl-syntax-unraveled-depth-4-disjointness-triggers-constant-classes-value-nominals.ofn_functional.owl,D Q C AL O ,0,0,ALCOQ(D),
2,F:ore2014poolfilesexported,0,2,2,0,16701,0,16701,,7242,1,ore-metricsgathering-0.0.1.jar,0,Declaration SubClassOf DisjointClasses ,D Q C AL O ,0,6961,13,Declaration SubClassOf DisjointClasses ,8267901,2,0,263,3,,OntologyMetricsGathering,13,1,3,0,6961,263,ALCOQ(D),0,0,16701,7242,0,2014/07/06 15:31:18,16701,0,0,kb-owl-syntax-unraveled-depth-4-km-relevant-cardinalities-disjointness-triggers-constant-classes-value-classes.ofn_functional.owl,D Q C AL O ,0,0,ALCOQ(D),
0,/media/nico/Seagate Expansion Drive/ore2014/pool/files/exported,0,0,0,13,296,13,309,,199,1,ore-metricsgathering-0.0.1.jar,0,EquivalentClasses SubObjectPropertyOf InverseObjectProperties Declaration SubClassOf ObjectPropertyDomain DisjointClasses FunctionalObjectProperty ObjectPropertyRange ,Q C AL H I ,0,163,0,EquivalentClasses SubObjectPropertyOf InverseObjectProperties Declaration SubClassOf ObjectPropertyDomain DisjointClasses FunctionalObjectProperty ObjectPropertyRange ,151431,0,0,36,0,,OntologyMetricsGathering,0,1,0,0,163,36,ALCHIQ,0,0,309,199,0,2014/07/04 15:00:06,296,0,0,ntdo.neglected-tropical-disease-ontology.1.owl.xml_functional.owl,Q C AL H I ,0,0,ALCHIQ,
0,/media/nico/Seagate Expansion Drive/ore2014/pool/files/exported,0,0,0,0,15353,0,15353,,14463,1,ore-metricsgathering-0.0.1.jar,0,Declaration SubClassOf FunctionalObjectProperty ,F AL ,0,14462,0,Declaration SubClassOf FunctionalObjectProperty ,3675758,0,0,1,0,,OntologyMetricsGathering,0,1,0,0,14462,1,ALF,0,0,15353,14463,0,2014/07/04 15:02:08,15353,1,0,syn.sage-bionetworks-synapse-ontology.3.owl.xml_functional.owl,F AL ,0,0,ALF,
