Task,Format,Ontology,TimeMs,InputSizeBytes,OutputSizeBytes,MRSS_KB,CompressionRatioVsProtocOWL,SpaceSavingVsProtocOWL
parse,Functional,00022.owl,122.2128,79643,0,109904,19.935670,0.949839
render,Functional,00022.owl,27.5823,79643,99393,116768,19.935670,0.949839
parse,ProtocOWL,00022.owl,53.6015,3995,0,96480,1.000000,0.000000
render,ProtocOWL,00022.owl,32.4162,3995,4000,108432,1.000000,0.000000
parse,ProtocOWL_128,00022.owl,61.1459,8097,0,97472,2.026783,0.506607
parse,Functional,00141.owl,97.0474,26805,0,109472,13.831269,0.927700
render,Functional,00141.owl,20.9638,26805,43539,114192,13.831269,0.927700
parse,ProtocOWL,00141.owl,41.2465,1938,0,96240,1.000000,0.000000
render,ProtocOWL,00141.owl,20.8718,1938,1943,99696,1.000000,0.000000
parse,ProtocOWL_128,00141.owl,39.6207,1939,0,95312,1.000516,0.000516
parse,Functional,00280.owl,105.2228,64945,0,110688,10.968586,0.908831
render,Functional,00280.owl,28.5480,64945,98959,117952,10.968586,0.908831
parse,ProtocOWL,00280.owl,48.6318,5921,0,97648,1.000000,0.000000
render,ProtocOWL,00280.owl,33.5500,5921,6120,106688,1.000000,0.000000
parse,ProtocOWL_128,00280.owl,56.5861,8798,0,97664,1.485898,0.327006
parse,Functional,00384.owl,127.2363,156044,0,114640,10.961995,0.908776
render,Functional,00384.owl,33.2767,156044,190726,127920,10.961995,0.908776
parse,ProtocOWL,00384.owl,72.3225,14235,0,99536,1.000000,0.000000
render,ProtocOWL,00384.owl,44.3693,14235,14067,120880,1.000000,0.000000
parse,ProtocOWL_128,00384.owl,81.0905,19314,0,102032,1.356797,0.262970
parse,Functional,00456.owl,128.2349,191359,0,120752,7.219187,0.861480
render,Functional,00456.owl,51.9464,191359,283535,137088,7.219187,0.861480
parse,ProtocOWL,00456.owl,75.4805,26507,0,107504,1.000000,0.000000
render,ProtocOWL,00456.owl,73.6379,26507,27415,138032,1.000000,0.000000
parse,ProtocOWL_128,00456.owl,81.9397,35703,0,106544,1.346927,0.257569
parse,Functional,00496.owl,232.9169,2250360,0,168240,14.389779,0.930506
render,Functional,00496.owl,141.7098,2250360,2543455,239920,14.389779,0.930506
parse,ProtocOWL,00496.owl,154.7243,156386,0,154752,1.000000,0.000000
render,ProtocOWL,00496.owl,313.1509,156386,157030,246848,1.000000,0.000000
parse,ProtocOWL_128,00496.owl,185.5097,223931,0,154704,1.431912,0.301633
parse,Functional,00516.owl,359.2916,3771006,0,246352,5.775788,0.826863
render,Functional,00516.owl,220.5656,3771006,4403329,285600,5.775788,0.826863
parse,ProtocOWL,00516.owl,231.6119,652899,0,215104,1.000000,0.000000
render,ProtocOWL,00516.owl,818.4971,652899,715487,402128,1.000000,0.000000
parse,ProtocOWL_128,00516.owl,269.1149,683540,0,242048,1.046931,0.044827
parse,Functional,00535.owl,261.4434,2052866,0,200656,9.072960,0.889782
render,Functional,00535.owl,120.9259,2052866,2344249,237392,9.072960,0.889782
parse,ProtocOWL,00535.owl,175.4351,226262,0,161344,1.000000,0.000000
render,ProtocOWL,00535.owl,317.6562,226262,234732,250832,1.000000,0.000000
parse,ProtocOWL_128,00535.owl,198.8361,315258,0,166592,1.393332,0.282296
parse,Functional,00536.owl,853.6268,19057143,0,340416,5.684910,0.824096
render,Functional,00536.owl,704.7745,19057143,21431721,649872,5.684910,0.824096
parse,ProtocOWL,00536.owl,640.5197,3352233,0,305168,1.000000,0.000000
render,ProtocOWL,00536.owl,3988.8963,3352233,3817581,932960,1.000000,0.000000
parse,ProtocOWL_128,00536.owl,663.2836,3343858,0,314160,0.997502,-0.002505
parse,Functional,00597.owl,182.2359,798139,0,149184,7.227490,0.861639
render,Functional,00597.owl,86.8065,798139,1037761,181280,7.227490,0.861639
parse,ProtocOWL,00597.owl,124.5092,110431,0,154784,1.000000,0.000000
render,ProtocOWL,00597.owl,186.6400,110431,117544,215296,1.000000,0.000000
parse,ProtocOWL_128,00597.owl,137.6561,147834,0,142800,1.338700,0.253007
parse,Functional,00606.owl,122.7260,192566,0,117632,7.568823,0.867879
render,Functional,00606.owl,44.4977,192566,246120,135568,7.568823,0.867879
parse,ProtocOWL,00606.owl,69.5168,25442,0,103872,1.000000,0.000000
render,ProtocOWL,00606.owl,71.1738,25442,28343,138544,1.000000,0.000000
parse,ProtocOWL_128,00606.owl,76.9303,32225,0,104752,1.266606,0.210489
parse,Functional,04c0c4ef-e210-41a7-b86b-1f945045bc8f_kupocells.owl,116.1488,111803,0,112672,11.809760,0.915324
render,Functional,04c0c4ef-e210-41a7-b86b-1f945045bc8f_kupocells.owl,31.3178,111803,138643,122864,11.809760,0.915324
parse,ProtocOWL,04c0c4ef-e210-41a7-b86b-1f945045bc8f_kupocells.owl,61.3716,9467,0,98240,1.000000,0.000000
render,ProtocOWL,04c0c4ef-e210-41a7-b86b-1f945045bc8f_kupocells.owl,42.4006,9467,9336,113904,1.000000,0.000000
parse,ProtocOWL_128,04c0c4ef-e210-41a7-b86b-1f945045bc8f_kupocells.owl,74.1798,15869,0,101024,1.676244,0.403428
parse,Functional,061ac8ca-5542-4610-ad64-0b21975d6fe4_enotype_xp.obo,306.3781,2892876,0,201280,12.865403,0.922272
render,Functional,061ac8ca-5542-4610-ad64-0b21975d6fe4_enotype_xp.obo,141.8535,2892876,3480311,257104,12.865403,0.922272
parse,ProtocOWL,061ac8ca-5542-4610-ad64-0b21975d6fe4_enotype_xp.obo,197.7795,224857,0,169024,1.000000,0.000000
render,ProtocOWL,061ac8ca-5542-4610-ad64-0b21975d6fe4_enotype_xp.obo,355.0575,224857,224635,251440,1.000000,0.000000
parse,ProtocOWL_128,061ac8ca-5542-4610-ad64-0b21975d6fe4_enotype_xp.obo,220.5473,354296,0,183728,1.575650,0.365341
parse,Functional,0ccf0454-d777-4fec-b1cc-03b5a300824d_chemtop.owl,104.5886,41966,0,110128,13.772891,0.927394
render,Functional,0ccf0454-d777-4fec-b1cc-03b5a300824d_chemtop.owl,22.0006,41966,52696,114608,13.772891,0.927394
parse,ProtocOWL,0ccf0454-d777-4fec-b1cc-03b5a300824d_chemtop.owl,49.1869,3047,0,95840,1.000000,0.000000
render,ProtocOWL,0ccf0454-d777-4fec-b1cc-03b5a300824d_chemtop.owl,26.5085,3047,3050,102752,1.000000,0.000000
parse,ProtocOWL_128,0ccf0454-d777-4fec-b1cc-03b5a300824d_chemtop.owl,50.4313,3048,0,95920,1.000328,0.000328
parse,Functional,0edc7fed-a5da-49fa-878f-1854501a1f1e_prerelease.obo,205.9535,2049956,0,156992,17.817957,0.943877
render,Functional,0edc7fed-a5da-49fa-878f-1854501a1f1e_prerelease.obo,108.5385,2049956,2325686,203840,17.817957,0.943877
parse,ProtocOWL,0edc7fed-a5da-49fa-878f-1854501a1f1e_prerelease.obo,135.5360,115050,0,159792,1.000000,0.000000
render,ProtocOWL,0edc7fed-a5da-49fa-878f-1854501a1f1e_prerelease.obo,245.6302,115050,114711,250320,1.000000,0.000000
parse,ProtocOWL_128,0edc7fed-a5da-49fa-878f-1854501a1f1e_prerelease.obo,147.1098,165717,0,145216,1.440391,0.305744
parse,Functional,0f50cfb0-4be7-4239-8816-b5e06f63beb7_erativeOCL.owl,121.2001,173146,0,113392,15.248437,0.934420
render,Functional,0f50cfb0-4be7-4239-8816-b5e06f63beb7_erativeOCL.owl,37.3186,173146,243003,123408,15.248437,0.934420
parse,ProtocOWL,0f50cfb0-4be7-4239-8816-b5e06f63beb7_erativeOCL.owl,61.3637,11355,0,98064,1.000000,0.000000
render,ProtocOWL,0f50cfb0-4be7-4239-8816-b5e06f63beb7_erativeOCL.owl,44.3815,11355,11445,117200,1.000000,0.000000
parse,ProtocOWL_128,0f50cfb0-4be7-4239-8816-b5e06f63beb7_erativeOCL.owl,74.2327,28671,0,101200,2.524967,0.603955
parse,Functional,19deea53-8a8c-48c0-9cde-99140ba1a5e2_tance_edit.owl,149.3101,522168,0,140448,6.674779,0.850182
render,Functional,19deea53-8a8c-48c0-9cde-99140ba1a5e2_tance_edit.owl,72.6340,522168,849672,146464,6.674779,0.850182
parse,ProtocOWL,19deea53-8a8c-48c0-9cde-99140ba1a5e2_tance_edit.owl,89.0926,78230,0,120672,1.000000,0.000000
render,ProtocOWL,19deea53-8a8c-48c0-9cde-99140ba1a5e2_tance_edit.owl,106.3097,78230,80657,152752,1.000000,0.000000
parse,ProtocOWL_128,19deea53-8a8c-48c0-9cde-99140ba1a5e2_tance_edit.owl,98.8816,153272,0,131664,1.959248,0.489600
parse,Functional,1ae83c60-e25b-4f30-afda-9a407d2da8e3_ra_anatomy.owl,149.1954,539931,0,143664,7.840655,0.872460
render,Functional,1ae83c60-e25b-4f30-afda-9a407d2da8e3_ra_anatomy.owl,64.9632,539931,646631,154608,7.840655,0.872460
parse,ProtocOWL,1ae83c60-e25b-4f30-afda-9a407d2da8e3_ra_anatomy.owl,89.4066,68863,0,116448,1.000000,0.000000
render,ProtocOWL,1ae83c60-e25b-4f30-afda-9a407d2da8e3_ra_anatomy.owl,138.2778,68863,74100,182032,1.000000,0.000000
parse,ProtocOWL_128,1ae83c60-e25b-4f30-afda-9a407d2da8e3_ra_anatomy.owl,103.2410,85825,0,130736,1.246315,0.197635
parse,Functional,1b104481-2d27-43b4-86a3-98e6b2fdd413_fbdv.owl,101.7032,73551,0,110416,16.222100,0.938356
render,Functional,1b104481-2d27-43b4-86a3-98e6b2fdd413_fbdv.owl,25.8959,73551,87511,115760,16.222100,0.938356
parse,ProtocOWL,1b104481-2d27-43b4-86a3-98e6b2fdd413_fbdv.owl,46.1741,4534,0,95008,1.000000,0.000000
render,ProtocOWL,1b104481-2d27-43b4-86a3-98e6b2fdd413_fbdv.owl,32.7243,4534,4525,108848,1.000000,0.000000
parse,ProtocOWL_128,1b104481-2d27-43b4-86a3-98e6b2fdd413_fbdv.owl,51.8799,6389,0,96080,1.409131,0.290343
parse,Functional,1bb771b6-f131-46af-9cde-4294fb600b0c_twork_v0.1.owl,99.4492,26857,0,109024,12.764734,0.921659
render,Functional,1bb771b6-f131-46af-9cde-4294fb600b0c_twork_v0.1.owl,20.9496,26857,34726,113680,12.764734,0.921659
parse,ProtocOWL,1bb771b6-f131-46af-9cde-4294fb600b0c_twork_v0.1.owl,41.3951,2104,0,94624,1.000000,0.000000
render,ProtocOWL,1bb771b6-f131-46af-9cde-4294fb600b0c_twork_v0.1.owl,21.9716,2104,2107,99776,1.000000,0.000000
parse,ProtocOWL_128,1bb771b6-f131-46af-9cde-4294fb600b0c_twork_v0.1.owl,41.0533,2105,0,92528,1.000475,0.000475
parse,Functional,2445e055-6dd4-4787-ba1e-0e20739a30e4_LUMO.owl,129.8366,184159,0,115296,10.553524,0.905245
render,Functional,2445e055-6dd4-4787-ba1e-0e20739a30e4_LUMO.owl,50.2463,184159,282882,134704,10.553524,0.905245
parse,ProtocOWL,2445e055-6dd4-4787-ba1e-0e20739a30e4_LUMO.owl,73.8662,17450,0,101872,1.000000,0.000000
render,ProtocOWL,2445e055-6dd4-4787-ba1e-0e20739a30e4_LUMO.owl,60.2714,17450,17456,137280,1.000000,0.000000
parse,ProtocOWL_128,2445e055-6dd4-4787-ba1e-0e20739a30e4_LUMO.owl,82.6347,33608,0,104304,1.925960,0.480778
parse,Functional,2577736a-db03-46fc-9362-274e3af66718_propreo.obo,116.8061,178525,0,112560,11.694288,0.914488
render,Functional,2577736a-db03-46fc-9362-274e3af66718_propreo.obo,35.2801,178525,273792,122768,11.694288,0.914488
parse,ProtocOWL,2577736a-db03-46fc-9362-274e3af66718_propreo.obo,59.3045,15266,0,97792,1.000000,0.000000
render,ProtocOWL,2577736a-db03-46fc-9362-274e3af66718_propreo.obo,40.5550,15266,15362,112304,1.000000,0.000000
parse,ProtocOWL_128,2577736a-db03-46fc-9362-274e3af66718_propreo.obo,68.4440,30027,0,101168,1.966920,0.491591
parse,Functional,32d8a12b-5c75-4d62-a3a2-b3bc235d506d_expression.owl,135.0103,337011,0,114576,18.408860,0.945678
render,Functional,32d8a12b-5c75-4d62-a3a2-b3bc235d506d_expression.owl,46.8875,337011,447904,136208,18.408860,0.945678
parse,ProtocOWL,32d8a12b-5c75-4d62-a3a2-b3bc235d506d_expression.owl,75.1912,18307,0,101472,1.000000,0.000000
render,ProtocOWL,32d8a12b-5c75-4d62-a3a2-b3bc235d506d_expression.owl,57.6513,18307,18410,131920,1.000000,0.000000
parse,ProtocOWL_128,32d8a12b-5c75-4d62-a3a2-b3bc235d506d_expression.owl,88.5423,39780,0,106176,2.172939,0.539794
parse,Functional,32f6e531-f8f3-4bb3-a0f7-25c664c6acba_ecule_role.owl,661.6433,13550160,0,304192,5.192414,0.807411
render,Functional,32f6e531-f8f3-4bb3-a0f7-25c664c6acba_ecule_role.owl,492.7153,13550160,14438791,590288,5.192414,0.807411
parse,ProtocOWL,32f6e531-f8f3-4bb3-a0f7-25c664c6acba_ecule_role.owl,435.3300,2609607,0,286512,1.000000,0.000000
render,ProtocOWL,32f6e531-f8f3-4bb3-a0f7-25c664c6acba_ecule_role.owl,2863.5679,2609607,2888090,656544,1.000000,0.000000
parse,ProtocOWL_128,32f6e531-f8f3-4bb3-a0f7-25c664c6acba_ecule_role.owl,437.6515,2356115,0,274192,0.902862,-0.107589
parse,Functional,345a9eac-24b5-4761-9a45-b98c29484458_sadiobjects.owl,159.4474,978233,0,134688,24.634425,0.959406
render,Functional,345a9eac-24b5-4761-9a45-b98c29484458_sadiobjects.owl,60.7636,978233,1236806,148176,24.634425,0.959406
parse,ProtocOWL,345a9eac-24b5-4761-9a45-b98c29484458_sadiobjects.owl,95.5522,39710,0,111072,1.000000,0.000000
render,ProtocOWL,345a9eac-24b5-4761-9a45-b98c29484458_sadiobjects.owl,79.4570,39710,39573,141648,1.000000,0.000000
parse,ProtocOWL_128,345a9eac-24b5-4761-9a45-b98c29484458_sadiobjects.owl,106.6021,67255,0,129056,1.693654,0.409561
parse,Functional,3a8b11c8-7efa-4dbb-9dfe-5acd4b18df60_rsimplegaf.obo,592.6638,12912008,0,274416,13.838332,0.927737
render,Functional,3a8b11c8-7efa-4dbb-9dfe-5acd4b18df60_rsimplegaf.obo,434.8047,12912008,14513631,367264,13.838332,0.927737
parse,ProtocOWL,3a8b11c8-7efa-4dbb-9dfe-5acd4b18df60_rsimplegaf.obo,488.5725,933061,0,252480,1.000000,0.000000
render,ProtocOWL,3a8b11c8-7efa-4dbb-9dfe-5acd4b18df60_rsimplegaf.obo,1698.9834,933061,919616,463264,1.000000,0.000000
parse,ProtocOWL_128,3a8b11c8-7efa-4dbb-9dfe-5acd4b18df60_rsimplegaf.obo,543.4384,1398588,0,291616,1.498925,0.332855
parse,Functional,40ffe51e-eda2-4415-9d0e-973629b32524_EHDAA,161.4800,528794,0,135648,9.819029,0.898157
render,Functional,40ffe51e-eda2-4415-9d0e-973629b32524_EHDAA,74.0715,528794,757798,158352,9.819029,0.898157
parse,ProtocOWL,40ffe51e-eda2-4415-9d0e-973629b32524_EHDAA,100.6398,53854,0,123760,1.000000,0.000000
render,ProtocOWL,40ffe51e-eda2-4415-9d0e-973629b32524_EHDAA,136.4535,53854,54054,165552,1.000000,0.000000
parse,ProtocOWL_128,40ffe51e-eda2-4415-9d0e-973629b32524_EHDAA,119.4589,79995,0,132496,1.485405,0.326783
parse,Functional,419e8422-f608-478b-9ce7-f551abb20172_sgenechrom.owl,827.5338,14412754,0,320368,6.718804,0.851164
render,Functional,419e8422-f608-478b-9ce7-f551abb20172_sgenechrom.owl,690.1300,14412754,21306445,548016,6.718804,0.851164
parse,ProtocOWL,419e8422-f608-478b-9ce7-f551abb20172_sgenechrom.owl,727.4847,2145137,0,274768,1.000000,0.000000
render,ProtocOWL,419e8422-f608-478b-9ce7-f551abb20172_sgenechrom.owl,1908.3193,2145137,2039862,533360,1.000000,0.000000
parse,ProtocOWL_128,419e8422-f608-478b-9ce7-f551abb20172_sgenechrom.owl,448.3981,3325298,0,289840,1.550156,0.354904
parse,Functional,4859c215-f75d-42bf-8520-d0caf9dde442_caro.owl,99.4975,25491,0,111008,9.872579,0.898709
render,Functional,4859c215-f75d-42bf-8520-d0caf9dde442_caro.owl,18.4151,25491,30533,113808,9.872579,0.898709
parse,ProtocOWL,4859c215-f75d-42bf-8520-d0caf9dde442_caro.owl,42.6588,2582,0,94912,1.000000,0.000000
render,ProtocOWL,4859c215-f75d-42bf-8520-d0caf9dde442_caro.owl,24.1501,2582,2795,99584,1.000000,0.000000
parse,ProtocOWL_128,4859c215-f75d-42bf-8520-d0caf9dde442_caro.owl,42.9358,2589,0,95088,1.002711,0.002704
parse,Functional,4a8a1268-458c-4f75-8a90-6e0a7c24cfe2_fyposimple.obo,183.7863,751969,0,142032,9.547479,0.895260
render,Functional,4a8a1268-458c-4f75-8a90-6e0a7c24cfe2_fyposimple.obo,96.7890,751969,1079475,174816,9.547479,0.895260
parse,ProtocOWL,4a8a1268-458c-4f75-8a90-6e0a7c24cfe2_fyposimple.obo,121.1753,78761,0,146976,1.000000,0.000000
render,ProtocOWL,4a8a1268-458c-4f75-8a90-6e0a7c24cfe2_fyposimple.obo,173.3857,78761,78561,205488,1.000000,0.000000
parse,ProtocOWL_128,4a8a1268-458c-4f75-8a90-6e0a7c24cfe2_fyposimple.obo,131.5343,147778,0,132656,1.876284,0.467032
parse,Functional,50fc5b44-9af0-4540-866e-a19f5eb44a23__2010_base.owl,135.2021,356590,0,119856,10.753295,0.907005
render,Functional,50fc5b44-9af0-4540-866e-a19f5eb44a23__2010_base.owl,54.4409,356590,567932,136656,10.753295,0.907005
parse,ProtocOWL,50fc5b44-9af0-4540-866e-a19f5eb44a23__2010_base.owl,81.3674,33161,0,107488,1.000000,0.000000
render,ProtocOWL,50fc5b44-9af0-4540-866e-a19f5eb44a23__2010_base.owl,66.8932,33161,32855,131936,1.000000,0.000000
parse,ProtocOWL_128,50fc5b44-9af0-4540-866e-a19f5eb44a23__2010_base.owl,86.4000,71751,0,110368,2.163716,0.537832
parse,Functional,54bd4a53-4111-403d-8d8e-010116144168_tagenomics.owl,99.0447,29872,0,109504,11.953581,0.916343
render,Functional,54bd4a53-4111-403d-8d8e-010116144168_tagenomics.owl,22.1879,29872,42234,114464,11.953581,0.916343
parse,ProtocOWL,54bd4a53-4111-403d-8d8e-010116144168_tagenomics.owl,42.2126,2499,0,94784,1.000000,0.000000
render,ProtocOWL,54bd4a53-4111-403d-8d8e-010116144168_tagenomics.owl,24.3669,2499,2486,101840,1.000000,0.000000
parse,ProtocOWL_128,54bd4a53-4111-403d-8d8e-010116144168_tagenomics.owl,46.4320,4006,0,95360,1.603041,0.376186
parse,Functional,55cf17e6-2a7b-4880-a565-d62100789957_Function_1.owl,105.5346,61065,0,110256,16.103639,0.937902
render,Functional,55cf17e6-2a7b-4880-a565-d62100789957_Function_1.owl,24.9283,61065,84120,115936,16.103639,0.937902
parse,ProtocOWL,55cf17e6-2a7b-4880-a565-d62100789957_Function_1.owl,48.5530,3792,0,95616,1.000000,0.000000
render,ProtocOWL,55cf17e6-2a7b-4880-a565-d62100789957_Function_1.owl,28.2127,3792,3775,106560,1.000000,0.000000
parse,ProtocOWL_128,55cf17e6-2a7b-4880-a565-d62100789957_Function_1.owl,54.6176,6542,0,98080,1.725211,0.420361
parse,Functional,58197550-a9dd-4328-9ea0-9f26169c8e22_NIFMolecule.owl,275.2795,3279381,0,175792,20.539006,0.951312
render,Functional,58197550-a9dd-4328-9ea0-9f26169c8e22_NIFMolecule.owl,148.6922,3279381,4019977,249296,20.539006,0.951312
parse,ProtocOWL,58197550-a9dd-4328-9ea0-9f26169c8e22_NIFMolecule.owl,176.3840,159666,0,136816,1.000000,0.000000
render,ProtocOWL,58197550-a9dd-4328-9ea0-9f26169c8e22_NIFMolecule.owl,349.8029,159666,160140,237344,1.000000,0.000000
parse,ProtocOWL_128,58197550-a9dd-4328-9ea0-9f26169c8e22_NIFMolecule.owl,203.9909,219783,0,162400,1.376517,0.273529
parse,Functional,5ce4039f-7515-4d22-b1b5-8cc98458c243_Mpeg72001.owl,156.6806,925129,0,128192,20.101449,0.950252
render,Functional,5ce4039f-7515-4d22-b1b5-8cc98458c243_Mpeg72001.owl,68.0368,925129,1098481,143376,20.101449,0.950252
parse,ProtocOWL,5ce4039f-7515-4d22-b1b5-8cc98458c243_Mpeg72001.owl,97.6034,46023,0,111968,1.000000,0.000000
render,ProtocOWL,5ce4039f-7515-4d22-b1b5-8cc98458c243_Mpeg72001.owl,95.6405,46023,46167,144016,1.000000,0.000000
parse,ProtocOWL_128,5ce4039f-7515-4d22-b1b5-8cc98458c243_Mpeg72001.owl,110.1773,79391,0,120624,1.725029,0.420300
parse,Functional,75549c56-685e-448c-afe5-03755ad3217c_go.owl,977.4280,13804733,0,371680,10.483219,0.904609
render,Functional,75549c56-685e-448c-afe5-03755ad3217c_go.owl,563.0905,13804733,17744884,642576,10.483219,0.904609
parse,ProtocOWL,75549c56-685e-448c-afe5-03755ad3217c_go.owl,854.9010,1316841,0,311552,1.000000,0.000000
render,ProtocOWL,75549c56-685e-448c-afe5-03755ad3217c_go.owl,2126.0258,1316841,1310530,575968,1.000000,0.000000
parse,ProtocOWL_128,75549c56-685e-448c-afe5-03755ad3217c_go.owl,744.1802,2126451,0,311312,1.614812,0.380733
parse,Functional,756d4706-697f-452e-99cd-dbf32081601a__ontology.owl2,290.9449,1865952,0,194656,9.443698,0.894109
render,Functional,756d4706-697f-452e-99cd-dbf32081601a__ontology.owl2,201.1898,1865952,2790028,231408,9.443698,0.894109
parse,ProtocOWL,756d4706-697f-452e-99cd-dbf32081601a__ontology.owl2,198.3732,197587,0,165248,1.000000,0.000000
render,ProtocOWL,756d4706-697f-452e-99cd-dbf32081601a__ontology.owl2,412.3575,197587,197625,261296,1.000000,0.000000
parse,ProtocOWL_128,756d4706-697f-452e-99cd-dbf32081601a__ontology.owl2,203.7358,359863,0,185312,1.821289,0.450938
parse,Functional,77094653-1dd0-493a-9927-7e327ab26df1_phylo.owl,114.9627,127736,0,111360,10.106496,0.901054
render,Functional,77094653-1dd0-493a-9927-7e327ab26df1_phylo.owl,38.8244,127736,210248,121152,10.106496,0.901054
parse,ProtocOWL,77094653-1dd0-493a-9927-7e327ab26df1_phylo.owl,60.7065,12639,0,95936,1.000000,0.000000
render,ProtocOWL,77094653-1dd0-493a-9927-7e327ab26df1_phylo.owl,44.0283,12639,12586,113616,1.000000,0.000000
parse,ProtocOWL_128,77094653-1dd0-493a-9927-7e327ab26df1_phylo.owl,66.9575,22534,0,98672,1.782894,0.439114
parse,Functional,77af02d9-169a-4074-83f3-b4e89d13bdc5_galen.owl,203.7723,1021256,0,147920,9.846753,0.898444
render,Functional,77af02d9-169a-4074-83f3-b4e89d13bdc5_galen.owl,100.4762,1021256,1340349,158624,9.846753,0.898444
parse,ProtocOWL,77af02d9-169a-4074-83f3-b4e89d13bdc5_galen.owl,142.5662,103715,0,130592,1.000000,0.000000
render,ProtocOWL,77af02d9-169a-4074-83f3-b4e89d13bdc5_galen.owl,216.4535,103715,103894,196160,1.000000,0.000000
parse,ProtocOWL_128,77af02d9-169a-4074-83f3-b4e89d13bdc5_galen.owl,170.1989,230874,0,140704,2.226043,0.550772
parse,Functional,8483d657-6932-4d42-8980-3b7eb996c17c_ngineering.owl,102.8916,64602,0,109200,14.844210,0.932634
render,Functional,8483d657-6932-4d42-8980-3b7eb996c17c_ngineering.owl,25.7343,64602,100574,114528,14.844210,0.932634
parse,ProtocOWL,8483d657-6932-4d42-8980-3b7eb996c17c_ngineering.owl,45.9209,4352,0,94688,1.000000,0.000000
render,ProtocOWL,8483d657-6932-4d42-8980-3b7eb996c17c_ngineering.owl,27.4196,4352,4414,101056,1.000000,0.000000
parse,ProtocOWL_128,8483d657-6932-4d42-8980-3b7eb996c17c_ngineering.owl,50.1518,7483,0,95808,1.719439,0.418415
parse,Functional,8b075aae-de78-4da8-ab82-5c5afbeab78f_leost_taxonomy,1351.2049,19755663,0,531184,5.096281,0.803778
render,Functional,8b075aae-de78-4da8-ab82-5c5afbeab78f_leost_taxonomy,895.4247,19755663,23498214,934096,5.096281,0.803778
parse,ProtocOWL,8b075aae-de78-4da8-ab82-5c5afbeab78f_leost_taxonomy,786.6428,3876486,0,329968,1.000000,0.000000
render,ProtocOWL,8b075aae-de78-4da8-ab82-5c5afbeab78f_leost_taxonomy,4323.3250,3876486,4201355,926576,1.000000,0.000000
parse,ProtocOWL_128,8b075aae-de78-4da8-ab82-5c5afbeab78f_leost_taxonomy,649.5921,3844469,0,374336,0.991741,-0.008328
parse,Functional,8bdbdcc6-2c79-48af-8157-66abf593a8f2_classified.owl,152.2775,446164,0,147264,7.035401,0.857862
render,Functional,8bdbdcc6-2c79-48af-8157-66abf593a8f2_classified.owl,70.0148,446164,701849,146368,7.035401,0.857862
parse,ProtocOWL,8bdbdcc6-2c79-48af-8157-66abf593a8f2_classified.owl,92.2893,63417,0,127760,1.000000,0.000000
render,ProtocOWL,8bdbdcc6-2c79-48af-8157-66abf593a8f2_classified.owl,121.3116,63417,63377,165200,1.000000,0.000000
parse,ProtocOWL_128,8bdbdcc6-2c79-48af-8157-66abf593a8f2_classified.owl,106.0113,130710,0,139632,2.061119,0.514827
parse,Functional,8ec61954-36f1-45db-afa0-09e6683b4f21_ent_xp_go.owl2,114.7542,76125,0,112192,8.816887,0.886581
render,Functional,8ec61954-36f1-45db-afa0-09e6683b4f21_ent_xp_go.owl2,30.8586,76125,96735,119568,8.816887,0.886581
parse,ProtocOWL,8ec61954-36f1-45db-afa0-09e6683b4f21_ent_xp_go.owl2,59.5446,8634,0,97648,1.000000,0.000000
render,ProtocOWL,8ec61954-36f1-45db-afa0-09e6683b4f21_ent_xp_go.owl2,37.6254,8634,8802,111888,1.000000,0.000000
parse,ProtocOWL_128,8ec61954-36f1-45db-afa0-09e6683b4f21_ent_xp_go.owl2,67.4833,13047,0,99024,1.511119,0.338239
parse,Functional,a14a100e-202f-4eb1-9539-b24a28b802fb_cl_import.owl,171.8421,659924,0,146656,10.316793,0.903071
render,Functional,a14a100e-202f-4eb1-9539-b24a28b802fb_cl_import.owl,82.3268,659924,871842,173120,10.316793,0.903071
parse,ProtocOWL,a14a100e-202f-4eb1-9539-b24a28b802fb_cl_import.owl,111.3744,63966,0,139792,1.000000,0.000000
render,ProtocOWL,a14a100e-202f-4eb1-9539-b24a28b802fb_cl_import.owl,150.7581,63966,63657,222928,1.000000,0.000000
parse,ProtocOWL_128,a14a100e-202f-4eb1-9539-b24a28b802fb_cl_import.owl,127.9032,109783,0,141136,1.716271,0.417341
parse,Functional,a9712c71-8004-4e17-b056-4f7a11e7d64d_ABGSegment.owl,170.4226,633369,0,151072,11.752125,0.914909
render,Functional,a9712c71-8004-4e17-b056-4f7a11e7d64d_ABGSegment.owl,70.8340,633369,844002,146864,11.752125,0.914909
parse,ProtocOWL,a9712c71-8004-4e17-b056-4f7a11e7d64d_ABGSegment.owl,98.2207,53894,0,118368,1.000000,0.000000
render,ProtocOWL,a9712c71-8004-4e17-b056-4f7a11e7d64d_ABGSegment.owl,106.9206,53894,53919,155120,1.000000,0.000000
parse,ProtocOWL_128,a9712c71-8004-4e17-b056-4f7a11e7d64d_ABGSegment.owl,117.0310,129985,0,139712,2.411864,0.585383
parse,Functional,afad60ce-2326-429e-81c5-ca55842c39c3_entication.owl,130.5141,237458,0,115840,22.192336,0.954939
render,Functional,afad60ce-2326-429e-81c5-ca55842c39c3_entication.owl,37.6793,237458,266622,136352,22.192336,0.954939
parse,ProtocOWL,afad60ce-2326-429e-81c5-ca55842c39c3_entication.owl,71.5266,10700,0,100832,1.000000,0.000000
render,ProtocOWL,afad60ce-2326-429e-81c5-ca55842c39c3_entication.owl,56.5298,10700,10826,134800,1.000000,0.000000
parse,ProtocOWL_128,afad60ce-2326-429e-81c5-ca55842c39c3_entication.owl,89.0950,23921,0,103712,2.235607,0.552694
parse,Functional,approximated_00fec224-5de9-4f5c-bd58-6fe5903fc3a0_gilcore.owl,96.5696,34778,0,109072,12.025588,0.916844
render,Functional,approximated_00fec224-5de9-4f5c-bd58-6fe5903fc3a0_gilcore.owl,23.1741,34778,43112,114752,12.025588,0.916844
parse,ProtocOWL,approximated_00fec224-5de9-4f5c-bd58-6fe5903fc3a0_gilcore.owl,40.7707,2892,0,95072,1.000000,0.000000
render,ProtocOWL,approximated_00fec224-5de9-4f5c-bd58-6fe5903fc3a0_gilcore.owl,22.2294,2892,2901,101024,1.000000,0.000000
parse,ProtocOWL_128,approximated_00fec224-5de9-4f5c-bd58-6fe5903fc3a0_gilcore.owl,39.6953,2973,0,96144,1.028008,0.027245
parse,Functional,approximated_015e0fd4-bede-40a3-8406-3dfc6fc6a8dd_all.rdf,112.8243,75113,0,112608,6.176548,0.838097
render,Functional,approximated_015e0fd4-bede-40a3-8406-3dfc6fc6a8dd_all.rdf,37.3546,75113,118940,122512,6.176548,0.838097
parse,ProtocOWL,approximated_015e0fd4-bede-40a3-8406-3dfc6fc6a8dd_all.rdf,56.8441,12161,0,97600,1.000000,0.000000
render,ProtocOWL,approximated_015e0fd4-bede-40a3-8406-3dfc6fc6a8dd_all.rdf,43.7362,12161,12177,132432,1.000000,0.000000
parse,ProtocOWL_128,approximated_015e0fd4-bede-40a3-8406-3dfc6fc6a8dd_all.rdf,65.4114,22531,0,101072,1.852726,0.460255
parse,Functional,approximated_071feca2-a248-4370-97da-ff1d0b83c571_logyv0.1.3.owl,113.2807,133065,0,113920,9.799322,0.897952
render,Functional,approximated_071feca2-a248-4370-97da-ff1d0b83c571_logyv0.1.3.owl,36.9645,133065,208897,121312,9.799322,0.897952
parse,ProtocOWL,approximated_071feca2-a248-4370-97da-ff1d0b83c571_logyv0.1.3.owl,57.1106,13579,0,97536,1.000000,0.000000
render,ProtocOWL,approximated_071feca2-a248-4370-97da-ff1d0b83c571_logyv0.1.3.owl,41.0276,13579,13472,114832,1.000000,0.000000
parse,ProtocOWL_128,approximated_071feca2-a248-4370-97da-ff1d0b83c571_logyv0.1.3.owl,66.2116,23338,0,99520,1.718683,0.418159
parse,Functional,approximated_0d5857a3-e59e-4648-9efa-e40e9aa42ecc_Grounding.owl,100.7475,47004,0,109456,12.282205,0.918581
render,Functional,approximated_0d5857a3-e59e-4648-9efa-e40e9aa42ecc_Grounding.owl,26.3090,47004,61161,116448,12.282205,0.918581
parse,ProtocOWL,approximated_0d5857a3-e59e-4648-9efa-e40e9aa42ecc_Grounding.owl,43.9410,3827,0,95248,1.000000,0.000000
render,ProtocOWL,approximated_0d5857a3-e59e-4648-9efa-e40e9aa42ecc_Grounding.owl,26.0772,3827,3847,102192,1.000000,0.000000
parse,ProtocOWL_128,approximated_0d5857a3-e59e-4648-9efa-e40e9aa42ecc_Grounding.owl,48.5023,6128,0,96144,1.601254,0.375490
parse,Functional,approximated_187f0d06-043e-4d8a-82a7-f5a2d020ec79_pmbok4.owl,118.3654,382402,0,116096,20.724149,0.951747
render,Functional,approximated_187f0d06-043e-4d8a-82a7-f5a2d020ec79_pmbok4.owl,41.5345,382402,427755,137936,20.724149,0.951747
parse,ProtocOWL,approximated_187f0d06-043e-4d8a-82a7-f5a2d020ec79_pmbok4.owl,60.1983,18452,0,100592,1.000000,0.000000
render,ProtocOWL,approximated_187f0d06-043e-4d8a-82a7-f5a2d020ec79_pmbok4.owl,69.6769,18452,18294,128336,1.000000,0.000000
parse,ProtocOWL_128,approximated_187f0d06-043e-4d8a-82a7-f5a2d020ec79_pmbok4.owl,74.2098,40919,0,102736,2.217592,0.549060
parse,Functional,approximated_261f18de-581b-4334-9bd1-fa87028404cc__component.owl,168.7890,612153,0,137488,10.139348,0.901374
render,Functional,approximated_261f18de-581b-4334-9bd1-fa87028404cc__component.owl,86.2110,612153,833480,160576,10.139348,0.901374
parse,ProtocOWL,approximated_261f18de-581b-4334-9bd1-fa87028404cc__component.owl,108.4340,60374,0,122576,1.000000,0.000000
render,ProtocOWL,approximated_261f18de-581b-4334-9bd1-fa87028404cc__component.owl,144.5800,60374,60353,207584,1.000000,0.000000
parse,ProtocOWL_128,approximated_261f18de-581b-4334-9bd1-fa87028404cc__component.owl,121.0534,98967,0,134912,1.639232,0.389958
parse,Functional,approximated_2886c605-9dfb-4cc2-9528-8b56dd528434_CMO_OWL.owl,177.2859,510969,0,139808,7.018130,0.857512
render,Functional,approximated_2886c605-9dfb-4cc2-9528-8b56dd528434_CMO_OWL.owl,94.4337,510969,920979,151344,7.018130,0.857512
parse,ProtocOWL,approximated_2886c605-9dfb-4cc2-9528-8b56dd528434_CMO_OWL.owl,119.1053,72807,0,122928,1.000000,0.000000
render,ProtocOWL,approximated_2886c605-9dfb-4cc2-9528-8b56dd528434_CMO_OWL.owl,132.6821,72807,72952,179168,1.000000,0.000000
parse,ProtocOWL_128,approximated_2886c605-9dfb-4cc2-9528-8b56dd528434_CMO_OWL.owl,118.7726,103555,0,135744,1.422322,0.296924
parse,Functional,approximated_2c12ed51-4979-4434-914a-ecea1d50d0da_udy_design.owl,94.2666,23496,0,108752,12.055413,0.917050
render,Functional,approximated_2c12ed51-4979-4434-914a-ecea1d50d0da_udy_design.owl,19.3547,23496,35415,113216,12.055413,0.917050
parse,ProtocOWL,approximated_2c12ed51-4979-4434-914a-ecea1d50d0da_udy_design.owl,38.2904,1949,0,94448,1.000000,0.000000
render,ProtocOWL,approximated_2c12ed51-4979-4434-914a-ecea1d50d0da_udy_design.owl,21.0335,1949,1952,99408,1.000000,0.000000
parse,ProtocOWL_128,approximated_2c12ed51-4979-4434-914a-ecea1d50d0da_udy_design.owl,38.7257,1950,0,94688,1.000513,0.000513
parse,Functional,approximated_3b913059-e630-4275-be45-859984a1b7be_e_semantic.rdf,102.8847,61709,0,110144,6.355855,0.842665
render,Functional,approximated_3b913059-e630-4275-be45-859984a1b7be_e_semantic.rdf,33.8523,61709,119088,118576,6.355855,0.842665
parse,ProtocOWL,approximated_3b913059-e630-4275-be45-859984a1b7be_e_semantic.rdf,46.1854,9709,0,95728,1.000000,0.000000
render,ProtocOWL,approximated_3b913059-e630-4275-be45-859984a1b7be_e_semantic.rdf,27.6090,9709,9812,104016,1.000000,0.000000
parse,ProtocOWL_128,approximated_3b913059-e630-4275-be45-859984a1b7be_e_semantic.rdf,47.8075,9696,0,97312,0.998661,-0.001341
parse,Functional,approximated_4907f5f7-6fb8-49a4-8f69-33907519ca4e_bio2rdf.owl,107.7743,60432,0,111232,7.649620,0.869275
render,Functional,approximated_4907f5f7-6fb8-49a4-8f69-33907519ca4e_bio2rdf.owl,32.7978,60432,78120,119616,7.649620,0.869275
parse,ProtocOWL,approximated_4907f5f7-6fb8-49a4-8f69-33907519ca4e_bio2rdf.owl,52.8722,7900,0,96368,1.000000,0.000000
render,ProtocOWL,approximated_4907f5f7-6fb8-49a4-8f69-33907519ca4e_bio2rdf.owl,35.2090,7900,8163,107600,1.000000,0.000000
parse,ProtocOWL_128,approximated_4907f5f7-6fb8-49a4-8f69-33907519ca4e_bio2rdf.owl,58.5489,15256,0,97808,1.931139,0.482171
parse,Functional,approximated_4e70f119-38cb-4762-aae7-b588cfa028e0_Profile.owl,97.2136,38815,0,107504,12.533097,0.920211
render,Functional,approximated_4e70f119-38cb-4762-aae7-b588cfa028e0_Profile.owl,24.9073,38815,49778,115344,12.533097,0.920211
parse,ProtocOWL,approximated_4e70f119-38cb-4762-aae7-b588cfa028e0_Profile.owl,42.9325,3097,0,96416,1.000000,0.000000
render,ProtocOWL,approximated_4e70f119-38cb-4762-aae7-b588cfa028e0_Profile.owl,23.7775,3097,3109,101360,1.000000,0.000000
parse,ProtocOWL_128,approximated_4e70f119-38cb-4762-aae7-b588cfa028e0_Profile.owl,48.5228,4951,0,95632,1.598644,0.374470
parse,Functional,approximated_50c9ffca-2132-4434-afab-d4ce20cc2714_SUMOLite.owl,154.5578,623612,0,116464,31.061015,0.967805
render,Functional,approximated_50c9ffca-2132-4434-afab-d4ce20cc2714_SUMOLite.owl,52.5282,623612,958332,133296,31.061015,0.967805
parse,ProtocOWL,approximated_50c9ffca-2132-4434-afab-d4ce20cc2714_SUMOLite.owl,73.1346,20077,0,101792,1.000000,0.000000
render,ProtocOWL,approximated_50c9ffca-2132-4434-afab-d4ce20cc2714_SUMOLite.owl,68.6450,20077,20079,132928,1.000000,0.000000
parse,ProtocOWL_128,approximated_50c9ffca-2132-4434-afab-d4ce20cc2714_SUMOLite.owl,81.6001,38683,0,110064,1.926732,0.480986
parse,Functional,approximated_59c42aeb-6dc2-4824-a7ec-6aed305e2aa5_alModel2.0.owl,105.7321,93315,0,112512,12.844460,0.922145
render,Functional,approximated_59c42aeb-6dc2-4824-a7ec-6aed305e2aa5_alModel2.0.owl,29.5323,93315,151127,117024,12.844460,0.922145
parse,ProtocOWL,approximated_59c42aeb-6dc2-4824-a7ec-6aed305e2aa5_alModel2.0.owl,47.6891,7265,0,95760,1.000000,0.000000
render,ProtocOWL,approximated_59c42aeb-6dc2-4824-a7ec-6aed305e2aa5_alModel2.0.owl,32.5295,7265,7187,105760,1.000000,0.000000
parse,ProtocOWL_128,approximated_59c42aeb-6dc2-4824-a7ec-6aed305e2aa5_alModel2.0.owl,54.8643,13667,0,97120,1.881211,0.468428
parse,Functional,approximated_5a31ff58-7b01-4f05-b0ee-a5993d80b7ed_NIFOrganism.owl,128.6659,289834,0,115728,13.413894,0.925450
render,Functional,approximated_5a31ff58-7b01-4f05-b0ee-a5993d80b7ed_NIFOrganism.owl,51.1457,289834,513701,131776,13.413894,0.925450
parse,ProtocOWL,approximated_5a31ff58-7b01-4f05-b0ee-a5993d80b7ed_NIFOrganism.owl,74.0735,21607,0,100592,1.000000,0.000000
render,ProtocOWL,approximated_5a31ff58-7b01-4f05-b0ee-a5993d80b7ed_NIFOrganism.owl,61.5106,21607,21664,130320,1.000000,0.000000
parse,ProtocOWL_128,approximated_5a31ff58-7b01-4f05-b0ee-a5993d80b7ed_NIFOrganism.owl,82.3461,34713,0,106112,1.606563,0.377553
parse,Functional,approximated_8a0f3776-a145-498d-bff7-015edd0be169_ongkhalink.rdf,128.7225,212067,0,117904,8.147336,0.877260
render,Functional,approximated_8a0f3776-a145-498d-bff7-015edd0be169_ongkhalink.rdf,54.8362,212067,330039,132576,8.147336,0.877260
parse,ProtocOWL,approximated_8a0f3776-a145-498d-bff7-015edd0be169_ongkhalink.rdf,78.3425,26029,0,107360,1.000000,0.000000
render,ProtocOWL,approximated_8a0f3776-a145-498d-bff7-015edd0be169_ongkhalink.rdf,67.6398,26029,25583,129376,1.000000,0.000000
parse,ProtocOWL_128,approximated_8a0f3776-a145-498d-bff7-015edd0be169_ongkhalink.rdf,84.3612,49994,0,113984,1.920704,0.479358
parse,Functional,approximated_d4af5918-ea4f-41f6-af2c-1aac74993011_RIMDatatype,99.8883,47138,0,109888,12.678322,0.921125
render,Functional,approximated_d4af5918-ea4f-41f6-af2c-1aac74993011_RIMDatatype,26.9507,47138,58692,116448,12.678322,0.921125
parse,ProtocOWL,approximated_d4af5918-ea4f-41f6-af2c-1aac74993011_RIMDatatype,44.5694,3718,0,93376,1.000000,0.000000
render,ProtocOWL,approximated_d4af5918-ea4f-41f6-af2c-1aac74993011_RIMDatatype,28.5646,3718,3722,104432,1.000000,0.000000
parse,ProtocOWL_128,approximated_d4af5918-ea4f-41f6-af2c-1aac74993011_RIMDatatype,49.8961,6013,0,95808,1.617267,0.381673
parse,Functional,approximated_ec09fbd9-58ba-41a3-9c84-368d91118936_OBIMay2008.owl,97.4922,33036,0,109344,13.283474,0.924718
render,Functional,approximated_ec09fbd9-58ba-41a3-9c84-368d91118936_OBIMay2008.owl,23.9593,33036,53814,114592,13.283474,0.924718
parse,ProtocOWL,approximated_ec09fbd9-58ba-41a3-9c84-368d91118936_OBIMay2008.owl,42.2409,2487,0,95152,1.000000,0.000000
render,ProtocOWL,approximated_ec09fbd9-58ba-41a3-9c84-368d91118936_OBIMay2008.owl,22.4084,2487,2483,102304,1.000000,0.000000
parse,ProtocOWL_128,approximated_ec09fbd9-58ba-41a3-9c84-368d91118936_OBIMay2008.owl,45.9689,3830,0,93616,1.540008,0.350653
parse,Functional,approximated_faa95fb1-bdbd-4f60-b9cc-fda92c198986_PaulFisher.rdf,94.8881,39158,0,108864,8.907643,0.887737
render,Functional,approximated_faa95fb1-bdbd-4f60-b9cc-fda92c198986_PaulFisher.rdf,24.2004,39158,63385,114672,8.907643,0.887737
parse,ProtocOWL,approximated_faa95fb1-bdbd-4f60-b9cc-fda92c198986_PaulFisher.rdf,39.2088,4396,0,94432,1.000000,0.000000
render,ProtocOWL,approximated_faa95fb1-bdbd-4f60-b9cc-fda92c198986_PaulFisher.rdf,21.8053,4396,4444,99344,1.000000,0.000000
parse,ProtocOWL_128,approximated_faa95fb1-bdbd-4f60-b9cc-fda92c198986_PaulFisher.rdf,40.5668,4503,0,96144,1.024340,0.023762
parse,Functional,approximated_genomic-cds-demo.owl,674.9681,15275378,0,293344,17.566527,0.943074
render,Functional,approximated_genomic-cds-demo.owl,481.9870,15275378,15918488,601584,17.566527,0.943074
parse,ProtocOWL,approximated_genomic-cds-demo.owl,607.1088,869573,0,245680,1.000000,0.000000
render,ProtocOWL,approximated_genomic-cds-demo.owl,1816.5881,869573,872649,475312,1.000000,0.000000
parse,ProtocOWL_128,approximated_genomic-cds-demo.owl,566.4670,2227485,0,294928,2.561585,0.609617
parse,Functional,approximated_genomic-cds.owl,723.9336,15189993,0,301536,17.655412,0.943360
render,Functional,approximated_genomic-cds.owl,462.6238,15189993,15801262,638896,17.655412,0.943360
parse,ProtocOWL,approximated_genomic-cds.owl,568.5524,860359,0,246272,1.000000,0.000000
render,ProtocOWL,approximated_genomic-cds.owl,1696.2110,860359,864845,464400,1.000000,0.000000
parse,ProtocOWL_128,approximated_genomic-cds.owl,600.8755,2210673,0,316304,2.569477,0.610816
parse,Functional,approximated_kb-owl-syntax-coreference-IDs-cardinalities-triggers-constant-classes-value-nominals.ofn,466.1119,5576318,0,277872,8.675408,0.884732
render,Functional,approximated_kb-owl-syntax-coreference-IDs-cardinalities-triggers-constant-classes-value-nominals.ofn,414.6143,5576318,8561567,334000,8.675408,0.884732
parse,ProtocOWL,approximated_kb-owl-syntax-coreference-IDs-cardinalities-triggers-constant-classes-value-nominals.ofn,384.1164,642773,0,248544,1.000000,0.000000
render,ProtocOWL,approximated_kb-owl-syntax-coreference-IDs-cardinalities-triggers-constant-classes-value-nominals.ofn,1056.2605,642773,642405,382208,1.000000,0.000000
parse,ProtocOWL_128,approximated_kb-owl-syntax-coreference-IDs-cardinalities-triggers-constant-classes-value-nominals.ofn,413.7543,962858,0,267856,1.497975,0.332432
parse,Functional,approximated_kb-owl-syntax-unraveled-depth-1-cardinalities-disjointness-triggers-constant-classes-value-nominals.ofn,487.1524,5004076,0,219024,13.190663,0.924189
render,Functional,approximated_kb-owl-syntax-unraveled-depth-1-cardinalities-disjointness-triggers-constant-classes-value-nominals.ofn,281.3973,5004076,5911153,278640,13.190663,0.924189
parse,ProtocOWL,approximated_kb-owl-syntax-unraveled-depth-1-cardinalities-disjointness-triggers-constant-classes-value-nominals.ofn,331.1657,379365,0,206496,1.000000,0.000000
render,ProtocOWL,approximated_kb-owl-syntax-unraveled-depth-1-cardinalities-disjointness-triggers-constant-classes-value-nominals.ofn,878.3287,379365,379419,267424,1.000000,0.000000
parse,ProtocOWL_128,approximated_kb-owl-syntax-unraveled-depth-1-cardinalities-disjointness-triggers-constant-classes-value-nominals.ofn,409.0335,977230,0,210416,2.575962,0.611796
parse,Functional,approximated_kb-owl-syntax-unraveled-depth-3-constant-classes-value-nominals.ofn,319.8233,2983328,0,171472,11.837664,0.915524
render,Functional,approximated_kb-owl-syntax-unraveled-depth-3-constant-classes-value-nominals.ofn,212.8630,2983328,3815277,220736,11.837664,0.915524
parse,ProtocOWL,approximated_kb-owl-syntax-unraveled-depth-3-constant-classes-value-nominals.ofn,219.2473,252020,0,135072,1.000000,0.000000
render,ProtocOWL,approximated_kb-owl-syntax-unraveled-depth-3-constant-classes-value-nominals.ofn,568.1853,252020,251943,259328,1.000000,0.000000
parse,ProtocOWL_128,approximated_kb-owl-syntax-unraveled-depth-3-constant-classes-value-nominals.ofn,281.6998,542544,0,182080,2.152782,0.535485
parse,Functional,approximated_kb-owl-syntax-unraveled-depth-3-km-relevant-cardinalities-triggers-constant-classes-value-nominals.ofn,329.3181,2988011,0,169584,11.795587,0.915223
render,Functional,approximated_kb-owl-syntax-unraveled-depth-3-km-relevant-cardinalities-triggers-constant-classes-value-nominals.ofn,217.0620,2988011,3827257,220688,11.795587,0.915223
parse,ProtocOWL,approximated_kb-owl-syntax-unraveled-depth-3-km-relevant-cardinalities-triggers-constant-classes-value-nominals.ofn,217.2153,253316,0,135488,1.000000,0.000000
render,ProtocOWL,approximated_kb-owl-syntax-unraveled-depth-3-km-relevant-cardinalities-triggers-constant-classes-value-nominals.ofn,641.5775,253316,253473,256880,1.000000,0.000000
parse,ProtocOWL_128,approximated_kb-owl-syntax-unraveled-depth-3-km-relevant-cardinalities-triggers-constant-classes-value-nominals.ofn,291.4197,544525,0,188672,2.149588,0.534795
parse,Functional,b7c19a22-c91c-4b51-894a-d8a8a3d2a7c0_cl.obo,336.9686,3339998,0,180272,15.443006,0.935246
render,Functional,b7c19a22-c91c-4b51-894a-d8a8a3d2a7c0_cl.obo,180.7276,3339998,3908317,216240,15.443006,0.935246
parse,ProtocOWL,b7c19a22-c91c-4b51-894a-d8a8a3d2a7c0_cl.obo,271.8645,216279,0,147808,1.000000,0.000000
render,ProtocOWL,b7c19a22-c91c-4b51-894a-d8a8a3d2a7c0_cl.obo,491.9614,216279,216067,252240,1.000000,0.000000
parse,ProtocOWL_128,b7c19a22-c91c-4b51-894a-d8a8a3d2a7c0_cl.obo,301.5440,460873,0,188464,2.130919,0.530719
parse,Functional,c0ca4e3f-ff6b-4eac-882c-183788832e5f_citygml.owl,118.6273,161539,0,111984,9.761844,0.897560
render,Functional,c0ca4e3f-ff6b-4eac-882c-183788832e5f_citygml.owl,39.2639,161539,201002,128432,9.761844,0.897560
parse,ProtocOWL,c0ca4e3f-ff6b-4eac-882c-183788832e5f_citygml.owl,61.5010,16548,0,96144,1.000000,0.000000
render,ProtocOWL,c0ca4e3f-ff6b-4eac-882c-183788832e5f_citygml.owl,48.0953,16548,16505,116544,1.000000,0.000000
parse,ProtocOWL_128,c0ca4e3f-ff6b-4eac-882c-183788832e5f_citygml.owl,71.3193,31831,0,98816,1.923556,0.480129
parse,Functional,c2abef0f-3619-4589-860a-22821e5142ac_ntology_xp.obo,304.1782,1831491,0,176496,10.592776,0.905596
render,Functional,c2abef0f-3619-4589-860a-22821e5142ac_ntology_xp.obo,156.4735,1831491,2313587,244032,10.592776,0.905596
parse,ProtocOWL,c2abef0f-3619-4589-860a-22821e5142ac_ntology_xp.obo,201.2807,172900,0,133696,1.000000,0.000000
render,ProtocOWL,c2abef0f-3619-4589-860a-22821e5142ac_ntology_xp.obo,347.9513,172900,172900,230016,1.000000,0.000000
parse,ProtocOWL_128,c2abef0f-3619-4589-860a-22821e5142ac_ntology_xp.obo,217.8758,281368,0,142784,1.627345,0.385502
parse,Functional,c343f7b1-c70e-4dbd-bef7-0d3b9aaf6fd7_prsimple.owl,1248.3909,13462986,0,297648,8.589451,0.883578
render,Functional,c343f7b1-c70e-4dbd-bef7-0d3b9aaf6fd7_prsimple.owl,797.3625,13462986,19502269,376176,8.589451,0.883578
parse,ProtocOWL,c343f7b1-c70e-4dbd-bef7-0d3b9aaf6fd7_prsimple.owl,875.4482,1567386,0,277616,1.000000,0.000000
render,ProtocOWL,c343f7b1-c70e-4dbd-bef7-0d3b9aaf6fd7_prsimple.owl,2629.5099,1567386,1545063,587920,1.000000,0.000000
parse,ProtocOWL_128,c343f7b1-c70e-4dbd-bef7-0d3b9aaf6fd7_prsimple.owl,647.4586,2406769,0,308288,1.535530,0.348759
parse,Functional,c93db046-8fc7-4bfc-8abe-c4ccd5090272_tivitydemo.owl,101.9395,24158,0,109504,14.829957,0.932569
render,Functional,c93db046-8fc7-4bfc-8abe-c4ccd5090272_tivitydemo.owl,17.3556,24158,32091,111664,14.829957,0.932569
parse,ProtocOWL,c93db046-8fc7-4bfc-8abe-c4ccd5090272_tivitydemo.owl,43.0525,1629,0,95008,1.000000,0.000000
render,ProtocOWL,c93db046-8fc7-4bfc-8abe-c4ccd5090272_tivitydemo.owl,20.1162,1629,1632,98480,1.000000,0.000000
parse,ProtocOWL_128,c93db046-8fc7-4bfc-8abe-c4ccd5090272_tivitydemo.owl,43.8752,1630,0,94688,1.000614,0.000613
parse,Functional,c9422304-a4fb-40e4-9d0f-81bdea1cd50b_l.obo.PREVIOUS,252.7253,2142291,0,166496,14.304350,0.930091
render,Functional,c9422304-a4fb-40e4-9d0f-81bdea1cd50b_l.obo.PREVIOUS,126.4212,2142291,2558214,234176,14.304350,0.930091
parse,ProtocOWL,c9422304-a4fb-40e4-9d0f-81bdea1cd50b_l.obo.PREVIOUS,176.9185,149765,0,147776,1.000000,0.000000
render,ProtocOWL,c9422304-a4fb-40e4-9d0f-81bdea1cd50b_l.obo.PREVIOUS,367.1302,149765,149330,243200,1.000000,0.000000
parse,ProtocOWL_128,c9422304-a4fb-40e4-9d0f-81bdea1cd50b_l.obo.PREVIOUS,215.0646,296077,0,154064,1.976944,0.494169
parse,Functional,csso.clinical-signs-and-symptoms-ontology.4.owl.xml,105.4862,48559,0,110128,7.070326,0.858564
render,Functional,csso.clinical-signs-and-symptoms-ontology.4.owl.xml,28.9098,48559,74885,114896,7.070326,0.858564
parse,ProtocOWL,csso.clinical-signs-and-symptoms-ontology.4.owl.xml,47.5961,6868,0,95808,1.000000,0.000000
render,ProtocOWL,csso.clinical-signs-and-symptoms-ontology.4.owl.xml,34.3978,6868,6801,103824,1.000000,0.000000
parse,ProtocOWL_128,csso.clinical-signs-and-symptoms-ontology.4.owl.xml,55.0777,11006,0,96848,1.602504,0.375977
parse,Functional,d072d130-da53-40a3-a616-59642617ccc3_M4L.owl,126.5135,91353,0,113808,6.874332,0.854531
render,Functional,d072d130-da53-40a3-a616-59642617ccc3_M4L.owl,36.2078,91353,138044,123552,6.874332,0.854531
parse,ProtocOWL,d072d130-da53-40a3-a616-59642617ccc3_M4L.owl,70.0047,13289,0,98928,1.000000,0.000000
render,ProtocOWL,d072d130-da53-40a3-a616-59642617ccc3_M4L.owl,43.8722,13289,13546,116160,1.000000,0.000000
parse,ProtocOWL_128,d072d130-da53-40a3-a616-59642617ccc3_M4L.owl,78.8544,23679,0,100672,1.781850,0.438785
parse,Functional,d0ded12f-0a03-4c16-9784-39f0ae56e7ff_kyamk.owl,169.0015,619149,0,133232,3.229292,0.690335
render,Functional,d0ded12f-0a03-4c16-9784-39f0ae56e7ff_kyamk.owl,106.5744,619149,1410711,166752,3.229292,0.690335
parse,ProtocOWL,d0ded12f-0a03-4c16-9784-39f0ae56e7ff_kyamk.owl,98.9215,191729,0,118000,1.000000,0.000000
render,ProtocOWL,d0ded12f-0a03-4c16-9784-39f0ae56e7ff_kyamk.owl,165.7467,191729,191496,192720,1.000000,0.000000
parse,ProtocOWL_128,d0ded12f-0a03-4c16-9784-39f0ae56e7ff_kyamk.owl,107.6223,192138,0,127328,1.002133,0.002129
parse,Functional,d118f435-8920-4e8c-81b3-fb572717cfec_NIFFunction.owl,107.5096,60948,0,110256,15.855359,0.936930
render,Functional,d118f435-8920-4e8c-81b3-fb572717cfec_NIFFunction.owl,24.5451,60948,84673,115872,15.855359,0.936930
parse,ProtocOWL,d118f435-8920-4e8c-81b3-fb572717cfec_NIFFunction.owl,51.1658,3844,0,97552,1.000000,0.000000
render,ProtocOWL,d118f435-8920-4e8c-81b3-fb572717cfec_NIFFunction.owl,29.0276,3844,3849,107296,1.000000,0.000000
parse,ProtocOWL_128,d118f435-8920-4e8c-81b3-fb572717cfec_NIFFunction.owl,56.4987,6653,0,96656,1.730749,0.422216
parse,Functional,d2de1f4a-7c94-4c4c-956e-38b7a836b4ed_protlabels.obo,343.0917,2768762,0,217872,10.594280,0.905609
render,Functional,d2de1f4a-7c94-4c4c-956e-38b7a836b4ed_protlabels.obo,263.4020,2768762,4537568,261312,10.594280,0.905609
parse,ProtocOWL,d2de1f4a-7c94-4c4c-956e-38b7a836b4ed_protlabels.obo,304.3022,261345,0,170352,1.000000,0.000000
render,ProtocOWL,d2de1f4a-7c94-4c4c-956e-38b7a836b4ed_protlabels.obo,527.6513,261345,245971,262496,1.000000,0.000000
parse,ProtocOWL_128,d2de1f4a-7c94-4c4c-956e-38b7a836b4ed_protlabels.obo,238.8202,358177,0,208144,1.370514,0.270347
parse,Functional,d9f87343-d24d-47c7-9a74-ee066c16d5c7_lsrth.rdf,92.3075,11719,0,108352,4.635680,0.784282
render,Functional,d9f87343-d24d-47c7-9a74-ee066c16d5c7_lsrth.rdf,18.1633,11719,19357,112912,4.635680,0.784282
parse,ProtocOWL,d9f87343-d24d-47c7-9a74-ee066c16d5c7_lsrth.rdf,34.7599,2528,0,92192,1.000000,0.000000
render,ProtocOWL,d9f87343-d24d-47c7-9a74-ee066c16d5c7_lsrth.rdf,18.1700,2528,2709,97248,1.000000,0.000000
parse,ProtocOWL_128,d9f87343-d24d-47c7-9a74-ee066c16d5c7_lsrth.rdf,34.2279,2551,0,93776,1.009098,0.009016
parse,Functional,e0a109c2-83f0-4d25-8cdc-f8068804dbb2_rsimplegaf.owl,612.1372,12832646,0,261712,12.784385,0.921780
render,Functional,e0a109c2-83f0-4d25-8cdc-f8068804dbb2_rsimplegaf.owl,436.4671,12832646,14407397,364928,12.784385,0.921780
parse,ProtocOWL,e0a109c2-83f0-4d25-8cdc-f8068804dbb2_rsimplegaf.owl,405.3555,1003775,0,266352,1.000000,0.000000
render,ProtocOWL,e0a109c2-83f0-4d25-8cdc-f8068804dbb2_rsimplegaf.owl,1581.8333,1003775,1010562,431232,1.000000,0.000000
parse,ProtocOWL_128,e0a109c2-83f0-4d25-8cdc-f8068804dbb2_rsimplegaf.owl,472.6958,1565494,0,259152,1.559606,0.358813
parse,Functional,e1404a38-2d70-4173-8c02-6b6fac85cf32_DOLCELite.owl,106.0141,94875,0,110496,28.312444,0.964680
render,Functional,e1404a38-2d70-4173-8c02-6b6fac85cf32_DOLCELite.owl,26.2891,94875,118437,114432,28.312444,0.964680
parse,ProtocOWL,e1404a38-2d70-4173-8c02-6b6fac85cf32_DOLCELite.owl,49.6058,3351,0,94016,1.000000,0.000000
render,ProtocOWL,e1404a38-2d70-4173-8c02-6b6fac85cf32_DOLCELite.owl,27.7257,3351,3354,106048,1.000000,0.000000
parse,ProtocOWL_128,e1404a38-2d70-4173-8c02-6b6fac85cf32_DOLCELite.owl,49.3347,3352,0,96192,1.000298,0.000298
parse,Functional,efdc2a3d-b99d-4695-9d86-c000183b0c47_emapmerged.obo,366.6300,3798032,0,228992,12.462534,0.919759
render,Functional,efdc2a3d-b99d-4695-9d86-c000183b0c47_emapmerged.obo,215.8776,3798032,5163183,266464,12.462534,0.919759
parse,ProtocOWL,efdc2a3d-b99d-4695-9d86-c000183b0c47_emapmerged.obo,284.7753,304756,0,166656,1.000000,0.000000
render,ProtocOWL,efdc2a3d-b99d-4695-9d86-c000183b0c47_emapmerged.obo,593.6552,304756,304692,263760,1.000000,0.000000
parse,ProtocOWL_128,efdc2a3d-b99d-4695-9d86-c000183b0c47_emapmerged.obo,286.6868,424113,0,194720,1.391648,0.281427
parse,Functional,f2a8ee0b-442b-4249-92b7-0299afc47da6_gina.owl,902.8292,19945758,0,255808,23.680449,0.957771
render,Functional,f2a8ee0b-442b-4249-92b7-0299afc47da6_gina.owl,449.8831,19945758,20854364,364800,23.680449,0.957771
parse,ProtocOWL,f2a8ee0b-442b-4249-92b7-0299afc47da6_gina.owl,567.1019,842288,0,246608,1.000000,0.000000
render,ProtocOWL,f2a8ee0b-442b-4249-92b7-0299afc47da6_gina.owl,1992.1197,842288,842297,429152,1.000000,0.000000
parse,ProtocOWL_128,f2a8ee0b-442b-4249-92b7-0299afc47da6_gina.owl,549.3268,2106426,0,283424,2.500838,0.600134
parse,Functional,fee2724f-5d72-40c1-961b-394a2677c8c5_DOIDBridge.owl,557.7170,7633143,0,257488,5.401360,0.814861
render,Functional,fee2724f-5d72-40c1-961b-394a2677c8c5_DOIDBridge.owl,409.7502,7633143,8491952,381056,5.401360,0.814861
parse,ProtocOWL,fee2724f-5d72-40c1-961b-394a2677c8c5_DOIDBridge.owl,428.1352,1413189,0,202752,1.000000,0.000000
render,ProtocOWL,fee2724f-5d72-40c1-961b-394a2677c8c5_DOIDBridge.owl,1818.1625,1413189,1561193,490128,1.000000,0.000000
parse,ProtocOWL_128,fee2724f-5d72-40c1-961b-394a2677c8c5_DOIDBridge.owl,398.6250,1348642,0,255632,0.954325,-0.047861
parse,Functional,ff8566a7-b5cf-4101-84fa-e7ed204b83d2_Location.owl,99.6433,34187,0,109456,12.939818,0.922719
render,Functional,ff8566a7-b5cf-4101-84fa-e7ed204b83d2_Location.owl,24.9810,34187,62415,114976,12.939818,0.922719
parse,ProtocOWL,ff8566a7-b5cf-4101-84fa-e7ed204b83d2_Location.owl,41.5277,2642,0,95264,1.000000,0.000000
render,ProtocOWL,ff8566a7-b5cf-4101-84fa-e7ed204b83d2_Location.owl,21.9140,2642,2649,101312,1.000000,0.000000
parse,ProtocOWL_128,ff8566a7-b5cf-4101-84fa-e7ed204b83d2_Location.owl,46.8668,4251,0,95984,1.609008,0.378499
parse,Functional,hp.human-phenotype-ontology.442.owl.xml,305.2234,2058632,0,192544,9.067545,0.889717
render,Functional,hp.human-phenotype-ontology.442.owl.xml,221.3897,2058632,3124086,239600,9.067545,0.889717
parse,ProtocOWL,hp.human-phenotype-ontology.442.owl.xml,191.6610,227033,0,159760,1.000000,0.000000
render,ProtocOWL,hp.human-phenotype-ontology.442.owl.xml,394.9407,227033,226927,267200,1.000000,0.000000
parse,ProtocOWL_128,hp.human-phenotype-ontology.442.owl.xml,223.6265,412597,0,193120,1.817344,0.449746
parse,Functional,kb-owl-syntax-unraveled-depth-0-cardinalities-disjointness-triggers-constant-classes-value-nominals.ofn,344.5418,2412600,0,180064,10.412558,0.903962
render,Functional,kb-owl-syntax-unraveled-depth-0-cardinalities-disjointness-triggers-constant-classes-value-nominals.ofn,245.4440,2412600,3244870,221024,10.412558,0.903962
parse,ProtocOWL,kb-owl-syntax-unraveled-depth-0-cardinalities-disjointness-triggers-constant-classes-value-nominals.ofn,258.9595,231701,0,156864,1.000000,0.000000
render,ProtocOWL,kb-owl-syntax-unraveled-depth-0-cardinalities-disjointness-triggers-constant-classes-value-nominals.ofn,516.4336,231701,231683,251632,1.000000,0.000000
parse,ProtocOWL_128,kb-owl-syntax-unraveled-depth-0-cardinalities-disjointness-triggers-constant-classes-value-nominals.ofn,303.2126,554032,0,212064,2.391151,0.581791
parse,Functional,kb-owl-syntax-unraveled-depth-0-km-relevant-cardinalities-disjointness-constant-classes-value-nominals.ofn,331.5617,2351981,0,180640,10.291557,0.902833
render,Functional,kb-owl-syntax-unraveled-depth-0-km-relevant-cardinalities-disjointness-constant-classes-value-nominals.ofn,213.5457,2351981,3184250,220304,10.291557,0.902833
parse,ProtocOWL,kb-owl-syntax-unraveled-depth-0-km-relevant-cardinalities-disjointness-constant-classes-value-nominals.ofn,279.4605,228535,0,159600,1.000000,0.000000
render,ProtocOWL,kb-owl-syntax-unraveled-depth-0-km-relevant-cardinalities-disjointness-constant-classes-value-nominals.ofn,490.9649,228535,228478,259904,1.000000,0.000000
parse,ProtocOWL_128,kb-owl-syntax-unraveled-depth-0-km-relevant-cardinalities-disjointness-constant-classes-value-nominals.ofn,283.2629,538259,0,188064,2.355258,0.575418
parse,Functional,kb-owl-syntax-unraveled-depth-1-km-relevant-cardinalities-triggers-constant-classes-value-nominals.ofn,387.0121,3583983,0,197632,12.595842,0.920609
render,Functional,kb-owl-syntax-unraveled-depth-1-km-relevant-cardinalities-triggers-constant-classes-value-nominals.ofn,177.5942,3583983,4415642,238768,12.595842,0.920609
parse,ProtocOWL,kb-owl-syntax-unraveled-depth-1-km-relevant-cardinalities-triggers-constant-classes-value-nominals.ofn,243.2006,284537,0,148304,1.000000,0.000000
render,ProtocOWL,kb-owl-syntax-unraveled-depth-1-km-relevant-cardinalities-triggers-constant-classes-value-nominals.ofn,510.1958,284537,284730,238016,1.000000,0.000000
parse,ProtocOWL_128,kb-owl-syntax-unraveled-depth-1-km-relevant-cardinalities-triggers-constant-classes-value-nominals.ofn,333.6776,695614,0,210336,2.444722,0.590956
parse,Functional,kb-owl-syntax-unraveled-depth-1-triggers-constant-classes-value-classes.ofn,382.6052,3614761,0,197840,12.615426,0.920732
render,Functional,kb-owl-syntax-unraveled-depth-1-triggers-constant-classes-value-classes.ofn,180.4817,3614761,4396414,223824,12.615426,0.920732
parse,ProtocOWL,kb-owl-syntax-unraveled-depth-1-triggers-constant-classes-value-classes.ofn,252.0968,286535,0,148240,1.000000,0.000000
render,ProtocOWL,kb-owl-syntax-unraveled-depth-1-triggers-constant-classes-value-classes.ofn,500.8415,286535,286282,239424,1.000000,0.000000
parse,ProtocOWL_128,kb-owl-syntax-unraveled-depth-1-triggers-constant-classes-value-classes.ofn,319.0183,703286,0,210336,2.454451,0.592577
parse,Functional,kb-owl-syntax-unraveled-depth-2-km-relevant-cardinalities-disjointness-constant-classes-value-nominals.ofn,477.8565,5260607,0,226240,14.146893,0.929313
render,Functional,kb-owl-syntax-unraveled-depth-2-km-relevant-cardinalities-disjointness-constant-classes-value-nominals.ofn,217.2010,5260607,6091980,273712,14.146893,0.929313
parse,ProtocOWL,kb-owl-syntax-unraveled-depth-2-km-relevant-cardinalities-disjointness-constant-classes-value-nominals.ofn,332.9943,371856,0,208016,1.000000,0.000000
render,ProtocOWL,kb-owl-syntax-unraveled-depth-2-km-relevant-cardinalities-disjointness-constant-classes-value-nominals.ofn,730.2623,371856,371837,260656,1.000000,0.000000
parse,ProtocOWL_128,kb-owl-syntax-unraveled-depth-2-km-relevant-cardinalities-disjointness-constant-classes-value-nominals.ofn,469.1525,955811,0,216864,2.570379,0.610952
parse,Functional,kb-owl-syntax-unraveled-depth-3-km-relevant-cardinalities-disjointness-triggers-constant-classes-value-nominals.ofn,527.7623,6476163,0,240384,15.027016,0.933453
render,Functional,kb-owl-syntax-unraveled-depth-3-km-relevant-cardinalities-disjointness-triggers-constant-classes-value-nominals.ofn,231.8943,6476163,7306576,259152,15.027016,0.933453
parse,ProtocOWL,kb-owl-syntax-unraveled-depth-3-km-relevant-cardinalities-disjointness-triggers-constant-classes-value-nominals.ofn,386.7560,430968,0,208464,1.000000,0.000000
render,ProtocOWL,kb-owl-syntax-unraveled-depth-3-km-relevant-cardinalities-disjointness-triggers-constant-classes-value-nominals.ofn,780.7045,430968,431905,261872,1.000000,0.000000
parse,ProtocOWL_128,kb-owl-syntax-unraveled-depth-3-km-relevant-cardinalities-disjointness-triggers-constant-classes-value-nominals.ofn,539.4697,1077715,0,251280,2.500685,0.600109
parse,Functional,kb-owl-syntax-unraveled-depth-3-triggers-constant-classes-value-classes.ofn,440.9718,5439597,0,219120,14.412774,0.930617
render,Functional,kb-owl-syntax-unraveled-depth-3-triggers-constant-classes-value-classes.ofn,194.7298,5439597,6220465,256432,14.412774,0.930617
parse,ProtocOWL,kb-owl-syntax-unraveled-depth-3-triggers-constant-classes-value-classes.ofn,300.5657,377415,0,173552,1.000000,0.000000
render,ProtocOWL,kb-owl-syntax-unraveled-depth-3-triggers-constant-classes-value-classes.ofn,646.6096,377415,377940,251968,1.000000,0.000000
parse,ProtocOWL_128,kb-owl-syntax-unraveled-depth-3-triggers-constant-classes-value-classes.ofn,432.9044,899210,0,216544,2.382550,0.580282
parse,Functional,kb-owl-syntax-unraveled-depth-4-disjointness-triggers-constant-classes-value-nominals.ofn,576.7564,8218610,0,226240,15.952364,0.937313
render,Functional,kb-owl-syntax-unraveled-depth-4-disjointness-triggers-constant-classes-value-nominals.ofn,253.1223,8218610,9047739,277696,15.952364,0.937313
parse,ProtocOWL,kb-owl-syntax-unraveled-depth-4-disjointness-triggers-constant-classes-value-nominals.ofn,415.6555,515197,0,206832,1.000000,0.000000
render,ProtocOWL,kb-owl-syntax-unraveled-depth-4-disjointness-triggers-constant-classes-value-nominals.ofn,890.2209,515197,516403,263808,1.000000,0.000000
parse,ProtocOWL_128,kb-owl-syntax-unraveled-depth-4-disjointness-triggers-constant-classes-value-nominals.ofn,473.4932,1201353,0,243600,2.331832,0.571153
parse,Functional,kb-owl-syntax-unraveled-depth-4-km-relevant-cardinalities-disjointness-triggers-constant-classes-value-classes.ofn,584.0279,8267901,0,227200,15.949314,0.937301
render,Functional,kb-owl-syntax-unraveled-depth-4-km-relevant-cardinalities-disjointness-triggers-constant-classes-value-classes.ofn,288.2618,8267901,9047997,282400,15.949314,0.937301
parse,ProtocOWL,kb-owl-syntax-unraveled-depth-4-km-relevant-cardinalities-disjointness-triggers-constant-classes-value-classes.ofn,413.1855,518386,0,207808,1.000000,0.000000
render,ProtocOWL,kb-owl-syntax-unraveled-depth-4-km-relevant-cardinalities-disjointness-triggers-constant-classes-value-classes.ofn,964.4243,518386,518935,274208,1.000000,0.000000
parse,ProtocOWL_128,kb-owl-syntax-unraveled-depth-4-km-relevant-cardinalities-disjointness-triggers-constant-classes-value-classes.ofn,468.0365,1212320,0,240992,2.338643,0.572402
parse,Functional,ntdo.neglected-tropical-disease-ontology.1.owl.xml,118.6820,151431,0,111904,17.462062,0.942733
render,Functional,ntdo.neglected-tropical-disease-ontology.1.owl.xml,26.6198,151431,179146,118304,17.462062,0.942733
parse,ProtocOWL,ntdo.neglected-tropical-disease-ontology.1.owl.xml,62.5439,8672,0,95792,1.000000,0.000000
render,ProtocOWL,ntdo.neglected-tropical-disease-ontology.1.owl.xml,33.8074,8672,8658,108080,1.000000,0.000000
parse,ProtocOWL_128,ntdo.neglected-tropical-disease-ontology.1.owl.xml,76.5035,19293,0,98048,2.224746,0.550511
parse,Functional,syn.sage-bionetworks-synapse-ontology.3.owl.xml,410.9500,3675758,0,209856,8.851383,0.887023
render,Functional,syn.sage-bionetworks-synapse-ontology.3.owl.xml,298.1958,3675758,5924709,248368,8.851383,0.887023
parse,ProtocOWL,syn.sage-bionetworks-synapse-ontology.3.owl.xml,292.9925,415275,0,170144,1.000000,0.000000
render,ProtocOWL,syn.sage-bionetworks-synapse-ontology.3.owl.xml,593.1962,415275,415279,261440,1.000000,0.000000
parse,ProtocOWL_128,syn.sage-bionetworks-synapse-ontology.3.owl.xml,285.4902,826754,0,206752,1.990859,0.497704
