Ontology,InputVariant,OutputSizeBytes
00022.owl,MIS_128,4000
00022.owl,standard,4000
00141.owl,MIS_128,1943
00141.owl,standard,1943
00280.owl,MIS_128,6120
00280.owl,standard,6120
00384.owl,MIS_128,14067
00384.owl,standard,14067
00456.owl,MIS_128,27415
00456.owl,standard,27415
00496.owl,MIS_128,157030
00496.owl,standard,157030
00516.owl,MIS_128,715487
00516.owl,standard,715487
00535.owl,MIS_128,234732
00535.owl,standard,234732
00536.owl,MIS_128,3817581
00536.owl,standard,3817581
00597.owl,MIS_128,117544
00597.owl,standard,117544
00606.owl,MIS_128,28343
00606.owl,standard,28343
04c0c4ef-e210-41a7-b86b-1f945045bc8f_kupocells.owl,MIS_128,9336
04c0c4ef-e210-41a7-b86b-1f945045bc8f_kupocells.owl,standard,9336
061ac8ca-5542-4610-ad64-0b21975d6fe4_enotype_xp.obo,MIS_128,224635
061ac8ca-5542-4610-ad64-0b21975d6fe4_enotype_xp.obo,standard,224635
0ccf0454-d777-4fec-b1cc-03b5a300824d_chemtop.owl,MIS_128,3050
0ccf0454-d777-4fec-b1cc-03b5a300824d_chemtop.owl,standard,3050
0edc7fed-a5da-49fa-878f-1854501a1f1e_prerelease.obo,MIS_128,114711
0edc7fed-a5da-49fa-878f-1854501a1f1e_prerelease.obo,standard,114711
0f50cfb0-4be7-4239-8816-b5e06f63beb7_erativeOCL.owl,MIS_128,11445
0f50cfb0-4be7-4239-8816-b5e06f63beb7_erativeOCL.owl,standard,11445
19deea53-8a8c-48c0-9cde-99140ba1a5e2_tance_edit.owl,MIS_128,80657
19deea53-8a8c-48c0-9cde-99140ba1a5e2_tance_edit.owl,standard,80657
1ae83c60-e25b-4f30-afda-9a407d2da8e3_ra_anatomy.owl,MIS_128,74100
1ae83c60-e25b-4f30-afda-9a407d2da8e3_ra_anatomy.owl,standard,74100
1b104481-2d27-43b4-86a3-98e6b2fdd413_fbdv.owl,MIS_128,4525
1b104481-2d27-43b4-86a3-98e6b2fdd413_fbdv.owl,standard,4525
1bb771b6-f131-46af-9cde-4294fb600b0c_twork_v0.1.owl,MIS_128,2107
1bb771b6-f131-46af-9cde-4294fb600b0c_twork_v0.1.owl,standard,2107
2445e055-6dd4-4787-ba1e-0e20739a30e4_LUMO.owl,MIS_128,17456
2445e055-6dd4-4787-ba1e-0e20739a30e4_LUMO.owl,standard,17456
2577736a-db03-46fc-9362-274e3af66718_propreo.obo,MIS_128,15362
2577736a-db03-46fc-9362-274e3af66718_propreo.obo,standard,15362
32d8a12b-5c75-4d62-a3a2-b3bc235d506d_expression.owl,MIS_128,18410
32d8a12b-5c75-4d62-a3a2-b3bc235d506d_expression.owl,standard,18410
32f6e531-f8f3-4bb3-a0f7-25c664c6acba_ecule_role.owl,MIS_128,2888090
32f6e531-f8f3-4bb3-a0f7-25c664c6acba_ecule_role.owl,standard,2888090
345a9eac-24b5-4761-9a45-b98c29484458_sadiobjects.owl,MIS_128,39573
345a9eac-24b5-4761-9a45-b98c29484458_sadiobjects.owl,standard,39573
3a8b11c8-7efa-4dbb-9dfe-5acd4b18df60_rsimplegaf.obo,MIS_128,919616
3a8b11c8-7efa-4dbb-9dfe-5acd4b18df60_rsimplegaf.obo,standard,919616
40ffe51e-eda2-4415-9d0e-973629b32524_EHDAA,MIS_128,54054
40ffe51e-eda2-4415-9d0e-973629b32524_EHDAA,standard,54054
419e8422-f608-478b-9ce7-f551abb20172_sgenechrom.owl,MIS_128,2039862
419e8422-f608-478b-9ce7-f551abb20172_sgenechrom.owl,standard,2039862
4859c215-f75d-42bf-8520-d0caf9dde442_caro.owl,MIS_128,2795
4859c215-f75d-42bf-8520-d0caf9dde442_caro.owl,standard,2795
4a8a1268-458c-4f75-8a90-6e0a7c24cfe2_fyposimple.obo,MIS_128,78561
4a8a1268-458c-4f75-8a90-6e0a7c24cfe2_fyposimple.obo,standard,78561
50fc5b44-9af0-4540-866e-a19f5eb44a23__2010_base.owl,MIS_128,32855
50fc5b44-9af0-4540-866e-a19f5eb44a23__2010_base.owl,standard,32855
54bd4a53-4111-403d-8d8e-010116144168_tagenomics.owl,MIS_128,2486
54bd4a53-4111-403d-8d8e-010116144168_tagenomics.owl,standard,2486
55cf17e6-2a7b-4880-a565-d62100789957_Function_1.owl,MIS_128,3775
55cf17e6-2a7b-4880-a565-d62100789957_Function_1.owl,standard,3775
58197550-a9dd-4328-9ea0-9f26169c8e22_NIFMolecule.owl,MIS_128,160140
58197550-a9dd-4328-9ea0-9f26169c8e22_NIFMolecule.owl,standard,160140
5ce4039f-7515-4d22-b1b5-8cc98458c243_Mpeg72001.owl,MIS_128,46167
5ce4039f-7515-4d22-b1b5-8cc98458c243_Mpeg72001.owl,standard,46167
75549c56-685e-448c-afe5-03755ad3217c_go.owl,MIS_128,1310530
75549c56-685e-448c-afe5-03755ad3217c_go.owl,standard,1310530
756d4706-697f-452e-99cd-dbf32081601a__ontology.owl2,MIS_128,197625
756d4706-697f-452e-99cd-dbf32081601a__ontology.owl2,standard,197625
77094653-1dd0-493a-9927-7e327ab26df1_phylo.owl,MIS_128,12586
77094653-1dd0-493a-9927-7e327ab26df1_phylo.owl,standard,12586
77af02d9-169a-4074-83f3-b4e89d13bdc5_galen.owl,MIS_128,103894
77af02d9-169a-4074-83f3-b4e89d13bdc5_galen.owl,standard,103894
8483d657-6932-4d42-8980-3b7eb996c17c_ngineering.owl,MIS_128,4414
8483d657-6932-4d42-8980-3b7eb996c17c_ngineering.owl,standard,4414
8b075aae-de78-4da8-ab82-5c5afbeab78f_leost_taxonomy,MIS_128,4201355
8b075aae-de78-4da8-ab82-5c5afbeab78f_leost_taxonomy,standard,4201355
8bdbdcc6-2c79-48af-8157-66abf593a8f2_classified.owl,MIS_128,63377
8bdbdcc6-2c79-48af-8157-66abf593a8f2_classified.owl,standard,63377
8ec61954-36f1-45db-afa0-09e6683b4f21_ent_xp_go.owl2,MIS_128,8802
8ec61954-36f1-45db-afa0-09e6683b4f21_ent_xp_go.owl2,standard,8802
a14a100e-202f-4eb1-9539-b24a28b802fb_cl_import.owl,MIS_128,63657
a14a100e-202f-4eb1-9539-b24a28b802fb_cl_import.owl,standard,63657
a9712c71-8004-4e17-b056-4f7a11e7d64d_ABGSegment.owl,MIS_128,53919
a9712c71-8004-4e17-b056-4f7a11e7d64d_ABGSegment.owl,standard,53919
afad60ce-2326-429e-81c5-ca55842c39c3_entication.owl,MIS_128,10826
afad60ce-2326-429e-81c5-ca55842c39c3_entication.owl,standard,10826
approximated_00fec224-5de9-4f5c-bd58-6fe5903fc3a0_gilcore.owl,MIS_128,2901
approximated_00fec224-5de9-4f5c-bd58-6fe5903fc3a0_gilcore.owl,standard,2901
approximated_015e0fd4-bede-40a3-8406-3dfc6fc6a8dd_all.rdf,MIS_128,12177
approximated_015e0fd4-bede-40a3-8406-3dfc6fc6a8dd_all.rdf,standard,12177
approximated_071feca2-a248-4370-97da-ff1d0b83c571_logyv0.1.3.owl,MIS_128,13472
approximated_071feca2-a248-4370-97da-ff1d0b83c571_logyv0.1.3.owl,standard,13472
approximated_0d5857a3-e59e-4648-9efa-e40e9aa42ecc_Grounding.owl,MIS_128,3847
approximated_0d5857a3-e59e-4648-9efa-e40e9aa42ecc_Grounding.owl,standard,3847
approximated_187f0d06-043e-4d8a-82a7-f5a2d020ec79_pmbok4.owl,MIS_128,18294
approximated_187f0d06-043e-4d8a-82a7-f5a2d020ec79_pmbok4.owl,standard,18294
approximated_261f18de-581b-4334-9bd1-fa87028404cc__component.owl,MIS_128,60353
approximated_261f18de-581b-4334-9bd1-fa87028404cc__component.owl,standard,60353
approximated_2886c605-9dfb-4cc2-9528-8b56dd528434_CMO_OWL.owl,MIS_128,72952
approximated_2886c605-9dfb-4cc2-9528-8b56dd528434_CMO_OWL.owl,standard,72952
approximated_2c12ed51-4979-4434-914a-ecea1d50d0da_udy_design.owl,MIS_128,1952
approximated_2c12ed51-4979-4434-914a-ecea1d50d0da_udy_design.owl,standard,1952
approximated_3b913059-e630-4275-be45-859984a1b7be_e_semantic.rdf,MIS_128,9812
approximated_3b913059-e630-4275-be45-859984a1b7be_e_semantic.rdf,standard,9812
approximated_4907f5f7-6fb8-49a4-8f69-33907519ca4e_bio2rdf.owl,MIS_128,8163
approximated_4907f5f7-6fb8-49a4-8f69-33907519ca4e_bio2rdf.owl,standard,8163
approximated_4e70f119-38cb-4762-aae7-b588cfa028e0_Profile.owl,MIS_128,3109
approximated_4e70f119-38cb-4762-aae7-b588cfa028e0_Profile.owl,standard,3109
approximated_50c9ffca-2132-4434-afab-d4ce20cc2714_SUMOLite.owl,MIS_128,20079
approximated_50c9ffca-2132-4434-afab-d4ce20cc2714_SUMOLite.owl,standard,20079
approximated_59c42aeb-6dc2-4824-a7ec-6aed305e2aa5_alModel2.0.owl,MIS_128,7187
approximated_59c42aeb-6dc2-4824-a7ec-6aed305e2aa5_alModel2.0.owl,standard,7187
approximated_5a31ff58-7b01-4f05-b0ee-a5993d80b7ed_NIFOrganism.owl,MIS_128,21664
approximated_5a31ff58-7b01-4f05-b0ee-a5993d80b7ed_NIFOrganism.owl,standard,21664
approximated_8a0f3776-a145-498d-bff7-015edd0be169_ongkhalink.rdf,MIS_128,25583
approximated_8a0f3776-a145-498d-bff7-015edd0be169_ongkhalink.rdf,standard,25583
approximated_d4af5918-ea4f-41f6-af2c-1aac74993011_RIMDatatype,MIS_128,3722
approximated_d4af5918-ea4f-41f6-af2c-1aac74993011_RIMDatatype,standard,3722
approximated_ec09fbd9-58ba-41a3-9c84-368d91118936_OBIMay2008.owl,MIS_128,2483
approximated_ec09fbd9-58ba-41a3-9c84-368d91118936_OBIMay2008.owl,standard,2483
approximated_faa95fb1-bdbd-4f60-b9cc-fda92c198986_PaulFisher.rdf,MIS_128,4444
approximated_faa95fb1-bdbd-4f60-b9cc-fda92c198986_PaulFisher.rdf,standard,4444
approximated_genomic-cds-demo.owl,MIS_128,872649
approximated_genomic-cds-demo.owl,standard,872649
approximated_genomic-cds.owl,MIS_128,864845
approximated_genomic-cds.owl,standard,864845
approximated_kb-owl-syntax-coreference-IDs-cardinalities-triggers-constant-classes-value-nominals.ofn,MIS_128,642405
approximated_kb-owl-syntax-coreference-IDs-cardinalities-triggers-constant-classes-value-nominals.ofn,standard,642405
approximated_kb-owl-syntax-unraveled-depth-1-cardinalities-disjointness-triggers-constant-classes-value-nominals.ofn,MIS_128,379419
approximated_kb-owl-syntax-unraveled-depth-1-cardinalities-disjointness-triggers-constant-classes-value-nominals.ofn,standard,379419
approximated_kb-owl-syntax-unraveled-depth-3-constant-classes-value-nominals.ofn,MIS_128,251943
approximated_kb-owl-syntax-unraveled-depth-3-constant-classes-value-nominals.ofn,standard,251943
approximated_kb-owl-syntax-unraveled-depth-3-km-relevant-cardinalities-triggers-constant-classes-value-nominals.ofn,MIS_128,253473
approximated_kb-owl-syntax-unraveled-depth-3-km-relevant-cardinalities-triggers-constant-classes-value-nominals.ofn,standard,253473
b7c19a22-c91c-4b51-894a-d8a8a3d2a7c0_cl.obo,MIS_128,216067
b7c19a22-c91c-4b51-894a-d8a8a3d2a7c0_cl.obo,standard,216067
c0ca4e3f-ff6b-4eac-882c-183788832e5f_citygml.owl,MIS_128,16505
c0ca4e3f-ff6b-4eac-882c-183788832e5f_citygml.owl,standard,16505
c2abef0f-3619-4589-860a-22821e5142ac_ntology_xp.obo,MIS_128,172900
c2abef0f-3619-4589-860a-22821e5142ac_ntology_xp.obo,standard,172900
c343f7b1-c70e-4dbd-bef7-0d3b9aaf6fd7_prsimple.owl,MIS_128,1545063
c343f7b1-c70e-4dbd-bef7-0d3b9aaf6fd7_prsimple.owl,standard,1545063
c93db046-8fc7-4bfc-8abe-c4ccd5090272_tivitydemo.owl,MIS_128,1632
c93db046-8fc7-4bfc-8abe-c4ccd5090272_tivitydemo.owl,standard,1632
c9422304-a4fb-40e4-9d0f-81bdea1cd50b_l.obo.PREVIOUS,MIS_128,149330
c9422304-a4fb-40e4-9d0f-81bdea1cd50b_l.obo.PREVIOUS,standard,149330
csso.clinical-signs-and-symptoms-ontology.4.owl.xml,MIS_128,6801
csso.clinical-signs-and-symptoms-ontology.4.owl.xml,standard,6801
d072d130-da53-40a3-a616-59642617ccc3_M4L.owl,MIS_128,13546
d072d130-da53-40a3-a616-59642617ccc3_M4L.owl,standard,13546
d0ded12f-0a03-4c16-9784-39f0ae56e7ff_kyamk.owl,MIS_128,191496
d0ded12f-0a03-4c16-9784-39f0ae56e7ff_kyamk.owl,standard,191496
d118f435-8920-4e8c-81b3-fb572717cfec_NIFFunction.owl,MIS_128,3849
d118f435-8920-4e8c-81b3-fb572717cfec_NIFFunction.owl,standard,3849
d2de1f4a-7c94-4c4c-956e-38b7a836b4ed_protlabels.obo,MIS_128,245971
d2de1f4a-7c94-4c4c-956e-38b7a836b4ed_protlabels.obo,standard,245971
d9f87343-d24d-47c7-9a74-ee066c16d5c7_lsrth.rdf,MIS_128,2709
d9f87343-d24d-47c7-9a74-ee066c16d5c7_lsrth.rdf,standard,2709
e0a109c2-83f0-4d25-8cdc-f8068804dbb2_rsimplegaf.owl,MIS_128,1010562
e0a109c2-83f0-4d25-8cdc-f8068804dbb2_rsimplegaf.owl,standard,1010562
e1404a38-2d70-4173-8c02-6b6fac85cf32_DOLCELite.owl,MIS_128,3354
e1404a38-2d70-4173-8c02-6b6fac85cf32_DOLCELite.owl,standard,3354
efdc2a3d-b99d-4695-9d86-c000183b0c47_emapmerged.obo,MIS_128,304692
efdc2a3d-b99d-4695-9d86-c000183b0c47_emapmerged.obo,standard,304692
f2a8ee0b-442b-4249-92b7-0299afc47da6_gina.owl,MIS_128,848318
f2a8ee0b-442b-4249-92b7-0299afc47da6_gina.owl,standard,848318
fee2724f-5d72-40c1-961b-394a2677c8c5_DOIDBridge.owl,MIS_128,1561193
fee2724f-5d72-40c1-961b-394a2677c8c5_DOIDBridge.owl,standard,1561193
ff8566a7-b5cf-4101-84fa-e7ed204b83d2_Location.owl,MIS_128,2649
ff8566a7-b5cf-4101-84fa-e7ed204b83d2_Location.owl,standard,2649
hp.human-phenotype-ontology.442.owl.xml,MIS_128,226927
hp.human-phenotype-ontology.442.owl.xml,standard,226927
kb-owl-syntax-unraveled-depth-0-cardinalities-disjointness-triggers-constant-classes-value-nominals.ofn,MIS_128,231683
kb-owl-syntax-unraveled-depth-0-cardinalities-disjointness-triggers-constant-classes-value-nominals.ofn,standard,231683
kb-owl-syntax-unraveled-depth-0-km-relevant-cardinalities-disjointness-constant-classes-value-nominals.ofn,MIS_128,228478
kb-owl-syntax-unraveled-depth-0-km-relevant-cardinalities-disjointness-constant-classes-value-nominals.ofn,standard,228478
kb-owl-syntax-unraveled-depth-1-km-relevant-cardinalities-triggers-constant-classes-value-nominals.ofn,MIS_128,284730
kb-owl-syntax-unraveled-depth-1-km-relevant-cardinalities-triggers-constant-classes-value-nominals.ofn,standard,284730
kb-owl-syntax-unraveled-depth-1-triggers-constant-classes-value-classes.ofn,MIS_128,286282
kb-owl-syntax-unraveled-depth-1-triggers-constant-classes-value-classes.ofn,standard,286282
ntdo.neglected-tropical-disease-ontology.1.owl.xml,MIS_128,8658
ntdo.neglected-tropical-disease-ontology.1.owl.xml,standard,8658
syn.sage-bionetworks-synapse-ontology.3.owl.xml,MIS_128,415279
syn.sage-bionetworks-synapse-ontology.3.owl.xml,standard,415279
